service,node,b_i_s
1,1,0
1,2,0
1,3,0
1,4,0
1,5,5
1,6,0
1,7,0
1,8,0
1,9,0
1,10,0
1,11,5
1,12,0
1,13,0
1,14,0
1,15,-101
1,16,0
1,17,0
1,18,0
1,19,0
1,20,5
1,21,5
1,22,0
1,23,0
1,24,5
1,25,0
1,26,0
1,27,0
1,28,0
1,29,0
1,30,0
1,31,0
1,32,0
1,33,5
1,34,0
1,35,0
1,36,0
1,37,0
1,38,5
1,39,0
1,40,5
1,41,0
1,42,5
1,43,0
1,44,0
1,45,0
1,46,0
1,47,0
1,48,5
1,49,5
1,50,0
1,51,0
1,52,0
1,53,0
1,54,0
1,55,0
1,56,0
1,57,0
1,58,0
1,59,5
1,60,0
1,61,0
1,62,0
1,63,0
1,64,0
1,65,5
1,66,5
1,67,0
1,68,5
1,69,0
1,70,0
1,71,0
1,72,5
1,73,0
1,74,0
1,75,5
1,76,0
1,77,0
1,78,0
1,79,0
1,80,-32
1,81,0
1,82,0
1,83,5
1,84,0
1,85,0
1,86,5
1,87,0
1,88,0
1,89,5
1,90,0
1,91,0
1,92,0
1,93,0
1,94,0
1,95,0
1,96,0
1,97,5
1,98,0
1,99,0
1,100,0
1,101,0
1,102,0
1,103,0
1,104,0
1,105,5
1,106,0
1,107,-17
1,108,0
1,109,5
1,110,0
1,111,0
1,112,0
1,113,0
1,114,0
1,115,0
1,116,0
1,117,0
1,118,0
1,119,5
1,120,0
1,121,0
1,122,0
1,123,0
1,124,0
1,125,0
1,126,0
1,127,0
1,128,0
1,129,5
1,130,0
1,131,0
1,132,5
1,133,0
1,134,0
1,135,0
1,136,0
1,137,0
1,138,0
1,139,0
1,140,0
1,141,0
1,142,5
1,143,0
1,144,5
1,145,5
1,146,0
1,147,5
1,148,0
1,149,0
1,150,0
2,1,0
2,2,0
2,3,0
2,4,0
2,5,5
2,6,0
2,7,0
2,8,0
2,9,0
2,10,0
2,11,5
2,12,0
2,13,0
2,14,0
2,15,-54
2,16,0
2,17,0
2,18,0
2,19,0
2,20,5
2,21,5
2,22,0
2,23,0
2,24,5
2,25,0
2,26,0
2,27,0
2,28,0
2,29,0
2,30,0
2,31,0
2,32,0
2,33,5
2,34,0
2,35,0
2,36,0
2,37,0
2,38,5
2,39,0
2,40,5
2,41,0
2,42,5
2,43,0
2,44,0
2,45,0
2,46,0
2,47,0
2,48,5
2,49,5
2,50,0
2,51,0
2,52,0
2,53,0
2,54,0
2,55,0
2,56,0
2,57,0
2,58,0
2,59,5
2,60,0
2,61,0
2,62,0
2,63,0
2,64,0
2,65,5
2,66,5
2,67,0
2,68,5
2,69,0
2,70,0
2,71,0
2,72,5
2,73,0
2,74,0
2,75,5
2,76,0
2,77,0
2,78,0
2,79,0
2,80,-72
2,81,0
2,82,0
2,83,5
2,84,0
2,85,0
2,86,5
2,87,0
2,88,0
2,89,5
2,90,0
2,91,0
2,92,0
2,93,0
2,94,0
2,95,0
2,96,0
2,97,5
2,98,0
2,99,0
2,100,0
2,101,0
2,102,0
2,103,0
2,104,0
2,105,5
2,106,0
2,107,-24
2,108,0
2,109,5
2,110,0
2,111,0
2,112,0
2,113,0
2,114,0
2,115,0
2,116,0
2,117,0
2,118,0
2,119,5
2,120,0
2,121,0
2,122,0
2,123,0
2,124,0
2,125,0
2,126,0
2,127,0
2,128,0
2,129,5
2,130,0
2,131,0
2,132,5
2,133,0
2,134,0
2,135,0
2,136,0
2,137,0
2,138,0
2,139,0
2,140,0
2,141,0
2,142,5
2,143,0
2,144,5
2,145,5
2,146,0
2,147,5
2,148,0
2,149,0
2,150,0
