i,j,u_ij
1,9,5
1,17,5
1,104,5
1,108,5
2,3,5
2,12,5
2,40,5
2,50,5
2,90,5
2,97,5
2,131,5
2,137,5
3,2,5
3,33,5
3,41,5
3,127,5
4,10,5
4,126,5
4,142,5
5,13,5
5,30,5
5,97,5
5,113,5
5,135,5
6,26,5
6,36,5
6,53,5
6,83,5
6,108,5
6,131,5
6,132,5
7,119,5
8,55,5
8,144,5
9,1,5
9,37,5
9,44,5
9,85,5
9,86,5
9,124,5
9,149,5
10,4,5
10,26,5
10,55,5
10,66,5
10,72,5
10,92,5
10,124,5
11,52,5
11,91,5
11,139,5
12,2,5
12,20,5
12,51,5
12,127,5
13,5,5
13,39,5
13,73,5
13,103,5
14,43,5
14,87,5
14,137,5
15,29,5
15,63,5
15,92,5
15,96,5
15,101,5
16,23,5
16,55,5
16,122,5
16,136,5
17,1,5
17,35,5
17,88,5
17,121,5
18,49,5
18,59,5
18,73,5
18,79,5
18,104,5
18,121,5
18,124,5
19,46,5
19,49,5
19,67,5
19,93,5
19,109,5
19,126,5
19,149,5
20,12,5
20,84,5
20,132,5
21,25,5
21,70,5
21,81,5
21,106,5
22,54,5
22,80,5
22,89,5
23,16,5
23,45,5
23,88,5
23,90,5
23,105,5
23,120,5
23,131,5
24,32,5
24,37,5
24,55,5
24,110,5
24,149,5
25,21,5
25,39,5
25,48,5
25,139,5
26,6,5
26,10,5
26,43,5
26,46,5
26,77,5
26,128,5
27,76,5
27,99,5
27,118,5
28,31,5
28,44,5
28,137,5
29,15,5
29,33,5
29,51,5
29,112,5
29,137,5
29,147,5
30,5,5
30,45,5
30,58,5
30,101,5
30,141,5
31,28,5
31,43,5
31,103,5
31,128,5
32,24,5
32,145,5
32,148,5
33,3,5
33,29,5
33,49,5
33,54,5
33,68,5
33,138,5
34,50,5
34,71,5
34,78,5
34,83,5
34,135,5
34,138,5
35,17,5
35,66,5
36,6,5
36,81,5
36,103,5
36,144,5
37,9,5
37,24,5
38,42,5
38,69,5
38,131,5
38,148,5
39,13,5
39,25,5
39,57,5
39,98,5
39,133,5
39,147,5
40,2,5
40,44,5
40,119,5
40,144,5
40,148,5
41,3,5
41,48,5
41,90,5
41,120,5
41,124,5
42,38,5
42,46,5
42,48,5
42,72,5
43,14,5
43,26,5
43,31,5
44,9,5
44,28,5
44,40,5
44,57,5
44,66,5
44,71,5
44,100,5
45,23,5
45,30,5
45,52,5
45,70,5
45,99,5
46,19,5
46,26,5
46,42,5
46,75,5
46,118,5
47,90,5
47,99,5
47,124,5
47,129,5
47,147,5
48,25,5
48,41,5
48,42,5
48,66,5
48,68,5
48,99,5
48,138,5
49,18,5
49,19,5
49,33,5
49,129,5
50,2,5
50,34,5
50,108,5
51,12,5
51,29,5
51,53,5
51,106,5
51,137,5
52,11,5
52,45,5
52,128,5
53,6,5
53,51,5
53,58,5
53,126,5
53,134,5
53,147,5
53,149,5
54,22,5
54,33,5
54,64,5
54,72,5
54,86,5
54,106,5
55,8,5
55,10,5
55,16,5
55,24,5
55,66,5
55,85,5
55,88,5
55,99,5
55,128,5
55,149,5
56,146,5
57,39,5
57,44,5
57,69,5
57,108,5
57,118,5
57,122,5
58,30,5
58,53,5
58,75,5
58,98,5
58,144,5
59,18,5
59,109,5
59,118,5
59,150,5
60,70,5
60,79,5
61,82,5
61,99,5
61,124,5
62,76,5
62,87,5
62,89,5
62,95,5
62,145,5
63,15,5
63,73,5
63,111,5
63,114,5
64,54,5
64,68,5
64,110,5
64,114,5
64,122,5
65,122,5
66,10,5
66,35,5
66,44,5
66,48,5
66,55,5
66,114,5
67,19,5
67,95,5
67,138,5
68,33,5
68,48,5
68,64,5
68,69,5
68,100,5
68,107,5
68,137,5
68,139,5
68,149,5
69,38,5
69,57,5
69,68,5
69,146,5
70,21,5
70,45,5
70,60,5
70,146,5
71,34,5
71,44,5
72,10,5
72,42,5
72,54,5
72,98,5
72,116,5
73,13,5
73,18,5
73,63,5
73,130,5
73,146,5
74,101,5
74,127,5
74,148,5
75,46,5
75,58,5
75,97,5
75,98,5
75,142,5
76,27,5
76,62,5
76,99,5
76,116,5
76,122,5
76,125,5
76,128,5
76,132,5
77,26,5
77,80,5
77,125,5
77,142,5
78,34,5
78,81,5
79,18,5
79,60,5
79,107,5
79,118,5
79,150,5
80,22,5
80,77,5
80,94,5
80,97,5
81,21,5
81,36,5
81,78,5
81,106,5
81,125,5
82,61,5
82,146,5
83,6,5
83,34,5
84,20,5
84,112,5
85,9,5
85,55,5
85,123,5
85,135,5
86,9,5
86,54,5
86,88,5
86,116,5
86,126,5
86,140,5
87,14,5
87,62,5
87,114,5
88,17,5
88,23,5
88,55,5
88,86,5
89,22,5
89,62,5
89,99,5
89,112,5
89,133,5
90,2,5
90,23,5
90,41,5
90,47,5
90,101,5
90,129,5
90,138,5
90,143,5
90,148,5
91,11,5
91,94,5
91,104,5
91,110,5
91,134,5
91,148,5
92,10,5
92,15,5
93,19,5
93,115,5
93,119,5
94,80,5
94,91,5
94,121,5
94,122,5
94,123,5
94,134,5
95,62,5
95,67,5
96,15,5
96,108,5
96,124,5
97,2,5
97,5,5
97,75,5
97,80,5
97,144,5
98,39,5
98,58,5
98,72,5
98,75,5
99,27,5
99,45,5
99,47,5
99,48,5
99,55,5
99,61,5
99,76,5
99,89,5
99,140,5
100,44,5
100,68,5
100,146,5
101,15,5
101,30,5
101,74,5
101,90,5
101,138,5
102,127,5
102,135,5
103,13,5
103,31,5
103,36,5
103,115,5
103,141,5
103,142,5
104,1,5
104,18,5
104,91,5
104,130,5
104,139,5
105,23,5
105,143,5
106,21,5
106,51,5
106,54,5
106,81,5
106,130,5
107,68,5
107,79,5
108,1,5
108,6,5
108,50,5
108,57,5
108,96,5
108,125,5
108,138,5
108,145,5
109,19,5
109,59,5
110,24,5
110,64,5
110,91,5
111,63,5
111,124,5
111,146,5
112,29,5
112,84,5
112,89,5
113,5,5
113,149,5
114,63,5
114,64,5
114,66,5
114,87,5
115,93,5
115,103,5
116,72,5
116,76,5
116,86,5
117,120,5
118,27,5
118,46,5
118,57,5
118,59,5
118,79,5
118,122,5
118,129,5
119,7,5
119,40,5
119,93,5
119,138,5
119,146,5
119,147,5
120,23,5
120,41,5
120,117,5
120,125,5
121,17,5
121,18,5
121,94,5
122,16,5
122,57,5
122,64,5
122,65,5
122,76,5
122,94,5
122,118,5
123,85,5
123,94,5
124,9,5
124,10,5
124,18,5
124,41,5
124,47,5
124,61,5
124,96,5
124,111,5
124,133,5
124,139,5
125,76,5
125,77,5
125,81,5
125,108,5
125,120,5
125,129,5
125,148,5
126,4,5
126,19,5
126,53,5
126,86,5
127,3,5
127,12,5
127,74,5
127,102,5
128,26,5
128,31,5
128,52,5
128,55,5
128,76,5
129,47,5
129,49,5
129,90,5
129,118,5
129,125,5
130,73,5
130,104,5
130,106,5
130,137,5
131,2,5
131,6,5
131,23,5
131,38,5
132,6,5
132,20,5
132,76,5
133,39,5
133,89,5
133,124,5
134,53,5
134,91,5
134,94,5
134,144,5
135,5,5
135,34,5
135,85,5
135,102,5
135,144,5
136,16,5
137,2,5
137,14,5
137,28,5
137,29,5
137,51,5
137,68,5
137,130,5
138,33,5
138,34,5
138,48,5
138,67,5
138,90,5
138,101,5
138,108,5
138,119,5
138,139,5
139,11,5
139,25,5
139,68,5
139,104,5
139,124,5
139,138,5
140,86,5
140,99,5
141,30,5
141,103,5
142,4,5
142,75,5
142,77,5
142,103,5
143,90,5
143,105,5
143,147,5
144,8,5
144,36,5
144,40,5
144,58,5
144,97,5
144,134,5
144,135,5
145,32,5
145,62,5
145,108,5
146,56,5
146,69,5
146,70,5
146,73,5
146,82,5
146,100,5
146,111,5
146,119,5
147,29,5
147,39,5
147,47,5
147,53,5
147,119,5
147,143,5
148,32,5
148,38,5
148,40,5
148,74,5
148,90,5
148,91,5
148,125,5
149,9,5
149,19,5
149,24,5
149,53,5
149,55,5
149,68,5
149,113,5
149,150,5
150,59,5
150,79,5
150,149,5
