n,seed,k,m,variables,rows,sources,destinations,method,build_seconds,solve_seconds,nit,crossover_nit,objective,balance_max,capacity_max
70,0,4,395,1580,675,7,1,highs-ds,0.0009161399993899977,0.01402061799853982,469,0,229767.30823232088,6.661338147750939e-15,0.0
70,0,4,395,1580,675,7,1,highs-ipm,0.0009161399993899977,0.023454836999007966,18,28,229767.308232321,8.881784197001252e-16,0.0
70,1,4,395,1580,675,7,1,highs-ipm,0.0014527469993481645,0.02468235000014829,19,32,323176.9317819434,2.6645352591003757e-15,3.552713678800501e-15
70,1,4,395,1580,675,7,1,highs-ds,0.0014527469993481645,0.013058369000646053,510,0,323176.93178194354,6.661338147750939e-16,3.552713678800501e-15
70,2,4,395,1580,675,7,1,highs-ds,0.002945408999948995,0.011690989000271657,332,0,181820.12743304926,1.3322676295501878e-15,1.7763568394002505e-15
70,2,4,395,1580,675,7,1,highs-ipm,0.002945408999948995,0.02185900800031959,17,12,181820.12743304932,4.440892098500626e-16,0.0
70,3,4,395,1580,675,7,1,highs-ipm,0.0010898979999183211,0.021050117000413593,17,29,153619.57408699958,8.881784197001252e-16,0.0
70,3,4,395,1580,675,7,1,highs-ds,0.0010898979999183211,0.009925927999574924,314,0,153619.57408699958,4.440892098500626e-16,0.0
70,4,4,395,1580,675,7,1,highs-ds,0.0009720029993331991,0.013677598999493057,499,0,326877.760833747,1.7763568394002505e-15,0.0
70,4,4,395,1580,675,7,1,highs-ipm,0.0009720029993331991,0.023061863001203164,17,51,326877.7608337469,3.552713678800501e-15,0.0
70,5,4,395,1580,675,7,1,highs-ipm,0.0010938340001303004,0.021017377001044224,17,37,105771.72899458837,2.6645352591003757e-15,0.0
70,5,4,395,1580,675,7,1,highs-ds,0.0010938340001303004,0.01144375200055947,384,0,105771.7289945884,1.7763568394002505e-15,0.0
70,6,4,395,1580,675,7,1,highs-ds,0.0010651920001691906,0.01750068200090027,686,0,302492.25782905356,1.3322676295501878e-15,0.0
70,6,4,395,1580,675,7,1,highs-ipm,0.0010651920001691906,0.023147969999627094,18,39,302492.2578290537,4.440892098500626e-16,0.0
70,7,4,395,1580,675,7,1,highs-ipm,0.0010149819991056575,0.020751015001224005,17,32,380750.65270820196,2.220446049250313e-15,1.7763568394002505e-15
70,7,4,395,1580,675,7,1,highs-ds,0.0010149819991056575,0.01776529299968388,694,0,380750.65270820184,8.881784197001252e-16,1.7763568394002505e-15
70,8,4,395,1580,675,7,1,highs-ds,0.001151143998868065,0.012202386998978909,452,0,275597.4308610623,1.3322676295501878e-15,0.0
70,8,4,395,1580,675,7,1,highs-ipm,0.001151143998868065,0.023176444999990053,20,16,275597.4308610623,8.881784197001252e-16,0.0
70,9,4,395,1580,675,7,1,highs-ipm,0.0011119359987787902,0.022262641999986954,16,35,136380.22400795485,3.552713678800501e-15,4.440892098500626e-16
70,9,4,395,1580,675,7,1,highs-ds,0.0011119359987787902,0.011343305000991677,386,0,136380.22400795488,8.881784197001252e-16,3.552713678800501e-15
70,10,4,395,1580,675,7,1,highs-ds,0.0010397539990663063,0.014898382998580928,542,0,371954.65712633904,1.7763568394002505e-15,0.0
70,10,4,395,1580,675,7,1,highs-ipm,0.0010397539990663063,0.021664660000169533,17,23,371954.65712633904,8.881784197001252e-16,0.0
70,11,4,395,1580,675,7,1,highs-ipm,0.0009855530006461777,0.022960063999562408,19,55,446687.7868447026,2.220446049250313e-15,7.105427357601002e-15
70,11,4,395,1580,675,7,1,highs-ds,0.0009855530006461777,0.019059161999393837,758,0,446687.7868447025,8.881784197001252e-16,1.7763568394002505e-15
70,12,4,395,1580,675,7,1,highs-ds,0.001101765999919735,0.010224201998425997,329,0,180267.8216824696,8.881784197001252e-16,0.0
70,12,4,395,1580,675,7,1,highs-ipm,0.001101765999919735,0.026519930001086323,16,21,180267.82168246966,4.440892098500626e-16,0.0
70,13,4,395,1580,675,7,1,highs-ipm,0.001031642001180444,0.021347649999370333,17,20,316905.4110462449,8.881784197001252e-16,0.0
70,13,4,395,1580,675,7,1,highs-ds,0.001031642001180444,0.01353109299998323,484,0,316905.4110462451,0.0,0.0
70,14,4,395,1580,675,7,1,highs-ds,0.0010754670001915656,0.012141839000832988,384,0,198396.18862072378,4.440892098500626e-16,0.0
70,14,4,395,1580,675,7,1,highs-ipm,0.0010754670001915656,0.02153026099949784,17,27,198396.18862072378,8.881784197001252e-16,3.552713678800501e-15
70,15,4,395,1580,675,7,1,highs-ipm,0.001259811000636546,0.019838198000798002,16,33,353320.507637937,8.881784197001252e-16,0.0
70,15,4,395,1580,675,7,1,highs-ds,0.001259811000636546,0.01003967900032876,353,0,353320.50763793674,3.552713678800501e-15,0.0
70,16,4,395,1580,675,7,1,highs-ds,0.0010217369999736547,0.016027970999857644,570,0,520684.14663731144,3.1086244689504383e-15,0.0
70,16,4,395,1580,675,7,1,highs-ipm,0.0010217369999736547,0.023142794998420868,18,26,520684.1466373117,2.6645352591003757e-15,8.881784197001252e-16
70,17,4,395,1580,675,7,1,highs-ipm,0.0011771080007747514,0.0215724540012161,18,26,365670.93460724864,8.881784197001252e-16,8.881784197001252e-16
70,17,4,395,1580,675,7,1,highs-ds,0.0011771080007747514,0.012432291001459816,477,0,365670.9346072486,1.7763568394002505e-15,0.0
70,18,4,395,1580,675,7,1,highs-ds,0.0010111010014952626,0.013612413000373635,499,0,284291.0753626664,1.3322676295501878e-15,0.0
70,18,4,395,1580,675,7,1,highs-ipm,0.0010111010014952626,0.023168874000475626,16,40,284291.0753626665,8.881784197001252e-16,0.0
70,19,4,395,1580,675,7,1,highs-ipm,0.0011423460000514751,0.02915716700044868,18,30,517430.03030682064,1.3322676295501878e-15,0.0
70,19,4,395,1580,675,7,1,highs-ds,0.0011423460000514751,0.017752832000041963,554,0,517430.0303068207,3.552713678800501e-15,4.440892098500626e-16
150,0,4,851,3404,1451,15,1,highs-ds,0.0013779839991912013,0.06148519300040789,1584,0,930075.0642775226,1.3322676295501878e-15,1.7763568394002505e-15
150,0,4,851,3404,1451,15,1,highs-ipm,0.0013779839991912013,0.05782236899904092,19,78,930075.0642775218,7.105427357601002e-15,1.7763568394002505e-15
150,1,4,851,3404,1451,15,1,highs-ipm,0.0012695329987764126,0.054762067999035935,20,82,1042681.0353557992,1.7763568394002505e-15,3.552713678800501e-15
150,1,4,851,3404,1451,15,1,highs-ds,0.0012695329987764126,0.06527457499942102,1817,0,1042681.0353557997,7.105427357601002e-15,0.0
150,2,4,851,3404,1451,15,1,highs-ds,0.0011674529996525962,0.0624576509999315,1632,0,491831.37629727554,7.105427357601002e-15,1.7763568394002505e-15
150,2,4,851,3404,1451,15,1,highs-ipm,0.0011674529996525962,0.0633567699987907,21,99,491831.3762972753,7.105427357601002e-15,7.105427357601002e-15
150,3,4,851,3404,1451,15,1,highs-ipm,0.0011554159991646884,0.05970058200000494,23,74,1206550.983543756,3.552713678800501e-15,4.440892098500626e-16
150,3,4,851,3404,1451,15,1,highs-ds,0.0011554159991646884,0.04890304000036849,1490,0,1206550.983543756,3.552713678800501e-15,8.881784197001252e-16
150,4,4,851,3404,1451,15,1,highs-ds,0.0011475729988887906,0.06629711800087534,1806,0,1380845.8074571649,3.552713678800501e-15,3.552713678800501e-15
150,4,4,851,3404,1451,15,1,highs-ipm,0.0011475729988887906,0.05461529499916651,18,96,1380845.8074571646,1.4210854715202004e-14,2.220446049250313e-16
150,5,4,851,3404,1451,15,1,highs-ipm,0.0012604420007846784,0.06330243099910149,19,103,890992.1784091017,7.105427357601002e-15,4.440892098500626e-16
150,5,4,851,3404,1451,15,1,highs-ds,0.0012604420007846784,0.06607811200046854,1714,0,890992.1784091023,7.105427357601002e-15,7.105427357601002e-15
150,6,4,851,3404,1451,15,1,highs-ds,0.0014283510008681333,0.07151923099991109,1788,0,1279349.3714998637,3.552713678800501e-15,1.4210854715202004e-14
150,6,4,851,3404,1451,15,1,highs-ipm,0.0014283510008681333,0.07420364499921561,20,92,1279349.3714998635,7.105427357601002e-15,3.552713678800501e-15
150,7,4,851,3404,1451,15,1,highs-ipm,0.0011648990002868231,0.05578812000021571,19,83,1124625.9110942981,7.105427357601002e-15,4.440892098500626e-16
150,7,4,851,3404,1451,15,1,highs-ds,0.0011648990002868231,0.06072304100052861,1699,0,1124625.9110942984,7.105427357601002e-15,1.7763568394002505e-15
150,8,4,851,3404,1451,15,1,highs-ds,0.001335672999630333,0.0895292690001952,2462,0,1282884.6349478879,7.105427357601002e-15,7.105427357601002e-15
150,8,4,851,3404,1451,15,1,highs-ipm,0.001335672999630333,0.054798549999759416,19,93,1282884.634947888,1.7763568394002505e-15,7.105427357601002e-15
150,9,4,851,3404,1451,15,1,highs-ipm,0.0011385399993741885,0.06176490100006049,20,71,926935.7842966219,7.105427357601002e-15,1.7763568394002505e-15
150,9,4,851,3404,1451,15,1,highs-ds,0.0011385399993741885,0.06335205800132826,1631,0,926935.7842966218,7.105427357601002e-15,7.105427357601002e-15
150,10,4,851,3404,1451,15,1,highs-ds,0.0013704140001209453,0.05215581599986763,1511,0,869434.8061353018,7.105427357601002e-15,1.7763568394002505e-15
150,10,4,851,3404,1451,15,1,highs-ipm,0.0013704140001209453,0.05378348199883476,18,80,869434.8061353022,2.220446049250313e-15,2.6645352591003757e-15
150,11,4,851,3404,1451,15,1,highs-ipm,0.0015296009987650905,0.057971547001216095,20,76,857647.3705398208,2.220446049250313e-15,1.7763568394002505e-15
150,11,4,851,3404,1451,15,1,highs-ds,0.0015296009987650905,0.05109805299980508,1318,0,857647.3705398203,6.217248937900877e-15,0.0
150,12,4,851,3404,1451,15,1,highs-ds,0.0012471909994928865,0.06125139600044349,1600,0,935444.2801418093,3.552713678800501e-15,7.105427357601002e-15
150,12,4,851,3404,1451,15,1,highs-ipm,0.0012471909994928865,0.04913689299974067,18,74,935444.2801418091,2.6645352591003757e-15,0.0
150,13,4,851,3404,1451,15,1,highs-ipm,0.0011508989991853014,0.060384892000001855,21,81,1021752.1657094792,4.440892098500626e-15,0.0
150,13,4,851,3404,1451,15,1,highs-ds,0.0011508989991853014,0.06814008499895863,1905,0,1021752.1657094794,7.105427357601002e-15,3.552713678800501e-15
150,14,4,851,3404,1451,15,1,highs-ds,0.0011289459998806706,0.06887688999995589,1854,0,1035105.9927781938,7.105427357601002e-15,7.105427357601002e-15
150,14,4,851,3404,1451,15,1,highs-ipm,0.0011289459998806706,0.05974357000013697,19,97,1035105.9927781941,6.661338147750939e-15,0.0
150,15,4,851,3404,1451,15,1,highs-ipm,0.0012934900005348027,0.056871196000429336,20,97,791315.9209809406,7.105427357601002e-15,3.552713678800501e-15
150,15,4,851,3404,1451,15,1,highs-ds,0.0012934900005348027,0.04971561400088831,1417,0,791315.9209809407,1.4210854715202004e-14,7.105427357601002e-15
150,16,4,851,3404,1451,15,1,highs-ds,0.001275884000278893,0.07537314900037018,2103,0,854370.8245400725,1.4210854715202004e-14,1.4210854715202004e-14
150,16,4,851,3404,1451,15,1,highs-ipm,0.001275884000278893,0.05654678199971386,20,92,854370.8245400727,7.105427357601002e-15,0.0
150,17,4,851,3404,1451,15,1,highs-ipm,0.0011659810006676707,0.05790985500061652,20,95,969261.8620479302,7.105427357601002e-15,8.881784197001252e-16
150,17,4,851,3404,1451,15,1,highs-ds,0.0011659810006676707,0.06101834999935818,1644,0,969261.86204793,1.4210854715202004e-14,4.440892098500626e-16
150,18,4,851,3404,1451,15,1,highs-ds,0.0012416629997460404,0.05919896900013555,1709,0,927560.7491826863,7.105427357601002e-15,0.0
150,18,4,851,3404,1451,15,1,highs-ipm,0.0012416629997460404,0.05381639999905019,18,76,927560.7491826864,1.7763568394002505e-15,0.0
150,19,4,851,3404,1451,15,1,highs-ipm,0.0011925799990422092,0.05930475399873103,20,105,1175174.687554865,1.4210854715202004e-14,2.220446049250313e-16
150,19,4,851,3404,1451,15,1,highs-ds,0.0011925799990422092,0.06755417699969257,1823,0,1175174.6875548651,1.1102230246251565e-14,8.881784197001252e-16
300,0,4,1706,6824,2906,30,1,highs-ds,0.0018711970005824696,0.16491857200162485,3277,0,1294161.2275254633,1.4210854715202004e-14,1.4210854715202004e-14
300,0,4,1706,6824,2906,30,1,highs-ipm,0.0018711970005824696,0.1487940389997675,24,223,1294161.2275254638,1.4210854715202004e-14,7.105427357601002e-15
300,1,4,1706,6824,2906,30,1,highs-ipm,0.0014553890014212811,0.12819201399906888,20,168,1853157.7053582566,1.4210854715202004e-14,2.842170943040401e-14
300,1,4,1706,6824,2906,30,1,highs-ds,0.0014553890014212811,0.22308373699888762,4278,0,1853157.7053582564,1.4210854715202004e-14,3.552713678800501e-15
300,2,4,1706,6824,2906,30,1,highs-ds,0.0017620739999983925,0.24989362199994503,4136,0,1979433.008440517,1.4210854715202004e-14,1.4210854715202004e-14
300,2,4,1706,6824,2906,30,1,highs-ipm,0.0017620739999983925,0.14440269599981548,21,206,1979433.008440515,1.4210854715202004e-14,7.105427357601002e-15
300,3,4,1706,6824,2906,30,1,highs-ipm,0.0016922510003496427,0.14587582499916607,21,172,2003272.212378639,1.4210854715202004e-14,1.7763568394002505e-15
300,3,4,1706,6824,2906,30,1,highs-ds,0.0016922510003496427,0.2258905769995181,4152,0,2003272.2123786367,1.4210854715202004e-14,1.4210854715202004e-14
300,4,4,1706,6824,2906,30,1,highs-ds,0.0016299689996230882,0.24108295899895893,4895,0,2059590.0290809933,1.3322676295501878e-14,7.105427357601002e-15
300,4,4,1706,6824,2906,30,1,highs-ipm,0.0016299689996230882,0.13176845599991793,22,145,2059590.0290809965,4.440892098500626e-15,7.105427357601002e-15
300,5,4,1706,6824,2906,30,1,highs-ipm,0.0013630330013256753,0.14451073800046288,21,159,2149884.8063517283,1.021405182655144e-14,7.105427357601002e-15
300,5,4,1706,6824,2906,30,1,highs-ds,0.0013630330013256753,0.2761817179998616,5120,0,2149884.8063517287,1.4210854715202004e-14,3.552713678800501e-15
300,6,4,1706,6824,2906,30,1,highs-ds,0.0017516299994895235,0.19214550999822677,3763,0,2342745.4585013823,1.4210854715202004e-14,1.4210854715202004e-14
300,6,4,1706,6824,2906,30,1,highs-ipm,0.0017516299994895235,0.13625186200079042,20,163,2342745.458501385,1.4210854715202004e-14,7.105427357601002e-15
300,7,4,1706,6824,2906,30,1,highs-ipm,0.001429641000868287,0.13729679199968814,22,146,2435158.653602939,1.0658141036401503e-14,7.105427357601002e-15
300,7,4,1706,6824,2906,30,1,highs-ds,0.001429641000868287,0.2053558850002446,3920,0,2435158.653602937,8.43769498715119e-15,1.4210854715202004e-14
300,8,4,1706,6824,2906,30,1,highs-ds,0.001448741000785958,0.163799129999461,3394,0,1637067.5041415996,1.0658141036401503e-14,3.552713678800501e-15
300,8,4,1706,6824,2906,30,1,highs-ipm,0.001448741000785958,0.1334769340010098,23,142,1637067.5041416,1.4210854715202004e-14,1.4210854715202004e-14
300,9,4,1706,6824,2906,30,1,highs-ipm,0.0015777920016262215,0.14260337199993955,22,184,1646860.0379699338,1.4210854715202004e-14,1.4210854715202004e-14
300,9,4,1706,6824,2906,30,1,highs-ds,0.0015777920016262215,0.17003971300073317,3159,0,1646860.0379699338,1.4210854715202004e-14,3.552713678800501e-15
300,10,4,1706,6824,2906,30,1,highs-ds,0.001409370999681414,0.24665066600027785,4180,0,2536706.009176315,1.4210854715202004e-14,1.4210854715202004e-14
300,10,4,1706,6824,2906,30,1,highs-ipm,0.001409370999681414,0.13780951800072216,21,153,2536706.0091763176,2.842170943040401e-14,1.4210854715202004e-14
300,11,4,1706,6824,2906,30,1,highs-ipm,0.0013783149988739751,0.13818266299858806,22,180,2415425.062856847,1.4654943925052066e-14,1.4210854715202004e-14
300,11,4,1706,6824,2906,30,1,highs-ds,0.0013783149988739751,0.27257120499962184,4598,0,2415425.062856845,1.4210854715202004e-14,1.7763568394002505e-15
300,12,4,1706,6824,2906,30,1,highs-ds,0.0014043539995327592,0.19321690299875627,3774,0,2206033.8093374246,1.4210854715202004e-14,7.549516567451064e-15
300,12,4,1706,6824,2906,30,1,highs-ipm,0.0014043539995327592,0.14503300899923488,22,204,2206033.809337426,1.4210854715202004e-14,7.105427357601002e-15
300,13,4,1706,6824,2906,30,1,highs-ipm,0.0014372830009961035,0.14800980200016056,20,159,2433164.379649052,1.4210854715202004e-14,1.4210854715202004e-14
300,13,4,1706,6824,2906,30,1,highs-ds,0.0014372830009961035,0.22543983600007778,4375,0,2433164.379649056,2.1316282072803006e-14,3.552713678800501e-15
300,14,4,1706,6824,2906,30,1,highs-ds,0.0014943070000299485,0.255674050999005,4564,0,2880977.790866597,1.4210854715202004e-14,1.7763568394002505e-15
300,14,4,1706,6824,2906,30,1,highs-ipm,0.0014943070000299485,0.14440085500064015,24,137,2880977.7908665957,1.4210854715202004e-14,3.552713678800501e-15
300,15,4,1706,6824,2906,30,1,highs-ipm,0.0018639849986357149,0.14019265299975814,19,176,1989254.396834919,1.4654943925052066e-14,8.881784197001252e-16
300,15,4,1706,6824,2906,30,1,highs-ds,0.0018639849986357149,0.2421705960005056,4253,0,1989254.3968349202,1.4210854715202004e-14,3.552713678800501e-15
300,16,4,1706,6824,2906,30,1,highs-ds,0.0014829310002824059,0.18397014399852196,3892,0,1660448.1555787884,1.509903313490213e-14,4.440892098500626e-16
300,16,4,1706,6824,2906,30,1,highs-ipm,0.0014829310002824059,0.14743268199890736,23,165,1660448.1555787893,5.773159728050814e-15,3.552713678800501e-15
300,17,4,1706,6824,2906,30,1,highs-ipm,0.0014583049996872433,0.13925907999873743,23,172,2049691.0518471648,1.4210854715202004e-14,3.552713678800501e-15
300,17,4,1706,6824,2906,30,1,highs-ds,0.0014583049996872433,0.18762733199946524,3596,0,2049691.0518471643,1.9539925233402755e-14,2.842170943040401e-14
300,18,4,1706,6824,2906,30,1,highs-ds,0.001549689999592374,0.21938578200024494,4172,0,2471926.7582732188,1.4210854715202004e-14,8.881784197001252e-16
300,18,4,1706,6824,2906,30,1,highs-ipm,0.001549689999592374,0.13017925200074387,21,160,2471926.758273219,2.842170943040401e-14,1.4210854715202004e-14
300,19,4,1706,6824,2906,30,1,highs-ipm,0.001463841999793658,0.13528135900014604,22,234,1849706.5946411935,1.4210854715202004e-14,1.4210854715202004e-14
300,19,4,1706,6824,2906,30,1,highs-ds,0.001463841999793658,0.19890477799890505,3968,0,1849706.5946411935,9.325873406851315e-15,1.4210854715202004e-14
