n,seed,fraction,policy,k_arcs,before,after,improvement_pct,benefit_per_unit,saturated_before,saturated_after
70,0,0.05,degree_product,20.0,229767.30823232088,227778.70001961183,0.8654878833756064,19.886082127090194,22.0,23.0
70,0,0.05,early_price_50,20.0,229767.30823232088,176632.86511102229,23.12532776315316,531.3444312129859,22.0,23.0
70,0,0.05,exact_dual,20.0,229767.30823232088,178006.97096184408,22.527285395249184,517.6033727047679,22.0,22.0
70,0,0.05,random,20.0,229767.30823232088,226265.53699173918,1.5240511226431752,35.01771240581691,22.0,22.6
70,0,0.05,utilization,20.0,229767.30823232088,177674.3618880632,22.672044489282083,520.9294634425768,22.0,20.0
70,0,0.1,degree_product,40.0,229767.30823232088,222403.88587198275,3.204730219014838,36.81711180169077,22.0,26.0
70,0,0.1,early_price_50,40.0,229767.30823232088,172211.00919904193,25.04982082789732,287.78149516639473,22.0,21.0
70,0,0.1,exact_dual,40.0,229767.30823232088,173488.40579505317,24.49386854476414,281.39451218633855,22.0,21.0
70,0,0.1,random,40.0,229767.30823232088,226180.00227387104,1.561277792758339,17.936529792249146,22.0,22.4
70,0,0.1,utilization,40.0,229767.30823232088,171318.79419497872,25.43813325185673,292.2425701867108,22.0,20.0
70,1,0.05,degree_product,20.0,323176.93178194354,323176.93178194354,0.0,0.0,24.0,24.0
70,1,0.05,early_price_50,20.0,323176.93178194354,229107.8951924534,29.10759628504708,940.6903658949012,24.0,26.0
70,1,0.05,exact_dual,20.0,323176.93178194354,227602.2213913232,29.573493956897664,955.7471039062036,24.0,22.0
70,1,0.05,random,20.0,323176.93178194354,312609.08003420435,3.269989503727836,105.6785174773922,24.0,25.5
70,1,0.05,utilization,20.0,323176.93178194354,247489.22491697405,23.41989771597872,756.8770686496948,24.0,23.0
70,1,0.1,degree_product,40.0,323176.93178194354,321444.10675310675,0.5361846278081415,8.664125144183927,24.0,22.0
70,1,0.1,early_price_50,40.0,323176.93178194354,210629.3342574327,34.82538091563102,562.7379876225542,24.0,20.0
70,1,0.1,exact_dual,40.0,323176.93178194354,222213.5742601333,31.240892400678213,504.8167876090511,24.0,20.0
70,1,0.1,random,40.0,323176.93178194354,316357.7897691793,2.110033650967801,34.09571006382132,24.0,22.9
70,1,0.1,utilization,40.0,323176.93178194354,203969.8396531107,36.88601518417322,596.0354606441641,24.0,17.0
70,2,0.05,degree_product,20.0,181820.1274330493,181820.1274330493,0.0,0.0,16.0,16.0
70,2,0.05,early_price_50,20.0,181820.1274330493,135689.8195765074,25.37139782476953,461.30307856541856,16.0,11.0
70,2,0.05,exact_dual,20.0,181820.1274330493,139331.67869877478,23.36839674140026,424.8844873427448,16.0,9.0
70,2,0.05,random,20.0,181820.1274330493,178381.41105502244,1.891273769617752,34.38716378026831,16.0,15.7
70,2,0.05,utilization,20.0,181820.1274330493,135656.19768365915,25.389889667957046,461.6392974939011,16.0,11.0
70,2,0.1,degree_product,40.0,181820.1274330493,181820.1274330493,0.0,0.0,16.0,16.0
70,2,0.1,early_price_50,40.0,181820.1274330493,131643.67121901186,27.59675560810155,250.88228107018705,16.0,7.0
70,2,0.1,exact_dual,40.0,181820.1274330493,139331.6786987748,23.368396741400243,212.44224367137227,16.0,9.0
70,2,0.1,random,40.0,181820.1274330493,176079.69808913692,3.1572023543026635,28.70214671956167,16.0,15.4
70,2,0.1,utilization,40.0,181820.1274330493,129014.22472770614,29.04293570291748,264.0295135267156,16.0,6.0
70,3,0.05,degree_product,20.0,153619.57408699958,153619.57408699958,0.0,0.0,14.0,14.0
70,3,0.05,early_price_50,20.0,153619.57408699958,129164.4495566912,15.91927635241241,244.55124530308385,14.0,15.0
70,3,0.05,exact_dual,20.0,153619.57408699958,121740.05338725884,20.75225171610382,318.7952069974075,14.0,14.0
70,3,0.05,random,20.0,153619.57408699958,152521.29075568085,0.714937102153885,10.982833313187351,14.0,13.8
70,3,0.05,utilization,20.0,153619.57408699958,121257.48621671814,21.06638301962338,323.6208787028144,14.0,12.0
70,3,0.1,degree_product,40.0,153619.57408699958,153619.57408699958,0.0,0.0,14.0,14.0
70,3,0.1,early_price_50,40.0,153619.57408699958,116463.2884006169,24.1872078523925,185.78142843191335,14.0,12.0
70,3,0.1,exact_dual,40.0,153619.57408699958,117746.65495446876,23.35178921418884,179.36459566265404,14.0,13.0
70,3,0.1,random,40.0,153619.57408699958,150678.87344098944,1.9142747032645357,14.703503230050774,14.0,13.7
70,3,0.1,utilization,40.0,153619.57408699958,112952.7277728154,26.472437875106515,203.33423157092096,14.0,8.0
70,4,0.05,degree_product,20.0,326877.760833747,325170.43394780945,0.5223135650411839,17.073268859375386,29.0,27.0
70,4,0.05,early_price_50,20.0,326877.760833747,272078.61341565574,16.764415932830193,547.9914741809125,29.0,23.0
70,4,0.05,exact_dual,20.0,326877.760833747,226148.0016991796,30.815727224036973,1007.2975913456744,29.0,17.0
70,4,0.05,random,20.0,326877.760833747,321698.9585690525,1.5843238314791646,51.78802264694521,29.0,27.6
70,4,0.05,utilization,20.0,326877.760833747,249322.7839222669,23.72598757213257,775.5497691148005,29.0,23.0
70,4,0.1,degree_product,40.0,326877.760833747,323284.55849045975,1.099249558649165,17.96601171643619,29.0,24.0
70,4,0.1,early_price_50,40.0,326877.760833747,234460.4313751924,28.272749183924716,462.08664729277285,29.0,21.0
70,4,0.1,exact_dual,40.0,326877.760833747,226030.5438763635,30.851660480100787,504.2360847869175,29.0,17.0
70,4,0.1,random,40.0,326877.760833747,312261.9051921906,4.4713521055322385,73.0792782077819,29.0,27.8
70,4,0.1,utilization,40.0,326877.760833747,224061.20756411104,31.45412921557835,514.0827663481797,29.0,17.0
70,5,0.05,degree_product,20.0,105771.7289945884,104686.55583213591,1.0259576663514594,10.85173162452469,16.0,15.0
70,5,0.05,early_price_50,20.0,105771.7289945884,65699.05399010258,37.88599787995908,400.7267500448582,16.0,8.0
70,5,0.05,exact_dual,20.0,105771.7289945884,65230.72454165232,38.32877162763434,405.4100445293609,16.0,7.0
70,5,0.05,random,20.0,105771.7289945884,103025.35452254424,2.5965108996040582,27.463744720441536,16.0,15.7
70,5,0.05,utilization,20.0,105771.7289945884,64944.693946003084,38.59919416716176,408.2703504858531,16.0,6.0
70,5,0.1,degree_product,40.0,105771.7289945884,102572.41414928972,3.024735319834236,15.99657422649332,16.0,13.0
70,5,0.1,early_price_50,40.0,105771.7289945884,59930.04429435789,43.34020549345082,229.2084235011525,16.0,10.0
70,5,0.1,exact_dual,40.0,105771.7289945884,60026.28296963548,43.249218349539696,228.72723012476465,16.0,10.0
70,5,0.1,random,40.0,105771.7289945884,101904.30391140869,3.6563882617231087,19.33712541589854,16.0,15.8
70,5,0.1,utilization,40.0,105771.7289945884,59348.58801644557,43.88993299005065,232.1157048907141,16.0,7.0
70,6,0.05,degree_product,20.0,302492.2578290536,300735.1718990654,0.5808697196412747,17.57085929988185,29.0,25.0
70,6,0.05,early_price_50,20.0,302492.2578290536,277297.9820093486,8.328899390854142,251.94275819704984,29.0,22.0
70,6,0.05,exact_dual,20.0,302492.2578290536,271496.5275551535,10.246784660325622,309.95730273900085,29.0,16.0
70,6,0.05,random,20.0,302492.2578290536,299081.38151592005,1.1275912770835679,34.10876313133544,29.0,28.1
70,6,0.05,utilization,20.0,302492.2578290536,269075.80572480103,11.047043763724048,334.1645210425253,29.0,17.0
70,6,0.1,degree_product,40.0,302492.2578290536,300170.58751950506,0.767513960922774,11.608351547742496,29.0,24.0
70,6,0.1,early_price_50,40.0,302492.2578290536,270110.86852731503,10.704865484536834,161.90694650869264,29.0,19.0
70,6,0.1,exact_dual,40.0,302492.2578290536,255753.6307574361,15.45118126561464,233.6931353580873,29.0,13.0
70,6,0.1,random,40.0,302492.2578290536,295703.7589956156,2.244189283440883,33.942494167189935,29.0,26.3
70,6,0.1,utilization,40.0,302492.2578290536,262134.9890937024,13.341587326892231,201.78634367675596,29.0,12.0
70,7,0.05,degree_product,20.0,380750.6527082018,371451.4268916663,2.442340085405509,92.99225816535532,29.0,29.0
70,7,0.05,early_price_50,20.0,380750.6527082018,350855.35367053223,7.851673746329897,298.9529903766961,29.0,30.0
70,7,0.05,exact_dual,20.0,380750.6527082018,325448.4486877549,14.52451982080493,553.0220402044692,29.0,33.0
70,7,0.05,random,20.0,380750.6527082018,377002.6329902036,0.9843764393676919,37.48019717998244,29.0,28.5
70,7,0.05,utilization,20.0,380750.6527082018,331662.07024816953,12.892579989259431,490.8858246003231,29.0,31.0
70,7,0.1,degree_product,40.0,380750.6527082018,371451.4268916663,2.442340085405509,46.496129082677655,29.0,29.0
70,7,0.1,early_price_50,40.0,380750.6527082018,320141.0280630545,15.918455875004664,303.0481232257368,29.0,29.0
70,7,0.1,exact_dual,40.0,380750.6527082018,306562.4037538007,19.484733230715488,370.9412447720056,29.0,31.0
70,7,0.1,random,40.0,380750.6527082018,376133.4870916393,1.2126481159576692,23.08582808281269,29.0,29.5
70,7,0.1,utilization,40.0,380750.6527082018,297177.55329942267,21.94956169197367,417.8654970438959,29.0,26.0
70,8,0.05,degree_product,20.0,275597.4308610623,273530.3429175391,0.7500389016925479,20.67087943523191,11.0,9.0
70,8,0.05,early_price_50,20.0,275597.4308610623,259396.01389508645,5.878653119282352,162.01416965975864,11.0,10.0
70,8,0.05,exact_dual,20.0,275597.4308610623,261876.24157017635,4.978707257181675,137.2118929088596,11.0,8.0
70,8,0.05,random,20.0,275597.4308610623,275121.8749943435,0.1725545355168938,4.7555586671879855,11.0,11.0
70,8,0.05,utilization,20.0,275597.4308610623,256799.98528291605,6.820617129635968,187.9744557814626,11.0,7.0
70,8,0.1,degree_product,40.0,275597.4308610623,273530.3429175391,0.7500389016925479,10.335439717615955,11.0,9.0
70,8,0.1,early_price_50,40.0,275597.4308610623,255845.6296410844,7.166903246618239,98.75900609988966,11.0,5.0
70,8,0.1,exact_dual,40.0,275597.4308610623,260374.21663112464,5.523714129836062,76.11607114968837,11.0,7.0
70,8,0.1,random,40.0,275597.4308610623,274582.0559498392,0.3684268420248903,5.076874556115712,11.0,9.8
70,8,0.1,utilization,40.0,275597.4308610623,256712.6762401492,6.852297048601145,94.42377310456575,11.0,6.0
70,9,0.05,degree_product,20.0,136380.22400795488,136051.88376800326,0.2407535567124953,3.283402399516199,22.0,22.0
70,9,0.05,early_price_50,20.0,136380.22400795488,116312.27993866523,14.714702380983852,200.6794406928965,22.0,13.0
70,9,0.05,exact_dual,20.0,136380.22400795488,121180.40211148746,11.145180327303782,151.99821896467415,22.0,12.0
70,9,0.05,random,20.0,136380.22400795488,134551.23989284015,1.3410918836795922,18.289841151147293,22.0,23.4
70,9,0.05,utilization,20.0,136380.22400795488,121946.68695562232,10.583306456140344,144.33537052332554,22.0,14.0
70,9,0.1,degree_product,40.0,136380.22400795488,135596.76567695523,0.5744662297621349,3.917291654998262,22.0,20.0
70,9,0.1,early_price_50,40.0,136380.22400795488,114284.6472183843,16.20145219022501,110.4778839478529,22.0,11.0
70,9,0.1,exact_dual,40.0,136380.22400795488,120165.1910447238,11.889577892382174,81.07516481615545,22.0,11.0
70,9,0.1,random,40.0,136380.22400795488,133646.7795451022,2.0042821330849625,13.667222314263437,22.0,21.5
70,9,0.1,utilization,40.0,136380.22400795488,114911.93052651938,15.741500380717426,107.34146740717748,22.0,10.0
70,10,0.05,degree_product,20.0,371954.65712633904,371954.65712633904,0.0,0.0,17.0,17.0
70,10,0.05,early_price_50,20.0,371954.65712633904,345752.9077012446,7.044339658904905,262.0174942509446,17.0,13.0
70,10,0.05,exact_dual,20.0,371954.65712633904,342588.83508207306,7.895000501174397,293.6582204426598,17.0,13.0
70,10,0.05,random,20.0,371954.65712633904,370844.45125625835,0.29847881961149364,11.10205870080675,17.0,16.5
70,10,0.05,utilization,20.0,371954.65712633904,341332.6864187719,8.232716036988881,306.2197070756712,17.0,13.0
70,10,0.1,degree_product,40.0,371954.65712633904,371950.1639900173,0.0012079795845094,0.0224656816085916,17.0,15.0
70,10,0.1,early_price_50,40.0,371954.65712633904,343083.31324578886,7.7620600595797,144.35671940275088,17.0,15.0
70,10,0.1,exact_dual,40.0,371954.65712633904,341486.00867995,8.191495351015327,152.34324223194534,17.0,14.0
70,10,0.1,random,40.0,371954.65712633904,369347.5883387615,0.7009103764742084,13.03534393788787,17.0,15.8
70,10,0.1,utilization,40.0,371954.65712633904,327065.9660489813,12.068323441400208,224.4434553867887,17.0,11.0
70,11,0.05,degree_product,20.0,446687.7868447025,446687.7868447025,0.0,0.0,35.0,35.0
70,11,0.05,early_price_50,20.0,446687.7868447025,321704.90149133047,27.97991998756486,1249.8288535337203,35.0,27.0
70,11,0.05,exact_dual,20.0,446687.7868447025,313651.2138916807,29.782899123515524,1330.365729530218,35.0,25.0
70,11,0.05,random,20.0,446687.78684470255,441727.7046681458,1.1104136541528404,49.60082176556712,35.0,34.9
70,11,0.05,utilization,20.0,446687.7868447025,359065.13574247825,19.616083914263708,876.2265110222424,35.0,27.0
70,11,0.1,degree_product,40.0,446687.7868447025,443150.6846158533,0.7918511168246738,17.685511144245975,35.0,36.0
70,11,0.1,early_price_50,40.0,446687.7868447025,306529.8215476786,31.37716530981668,700.7898264851194,35.0,18.0
70,11,0.1,exact_dual,40.0,446687.7868447025,304572.02095867146,31.815458150289576,710.5788294301551,35.0,19.0
70,11,0.1,random,40.0,446687.78684470255,434512.51016338903,2.725679331265516,60.87638340656709,35.0,34.9
70,11,0.1,utilization,40.0,446687.7868447025,295295.43922645703,33.892206609821464,756.9617380912273,35.0,14.0
70,12,0.05,degree_product,20.0,180267.8216824696,180095.92314210965,0.0953573071198138,1.7189854035995085,12.0,12.0
70,12,0.05,early_price_50,20.0,180267.8216824696,157456.28200415062,12.654249363760588,228.1153967831898,12.0,6.0
70,12,0.05,exact_dual,20.0,180267.8216824696,154851.23164324768,14.099349402463874,254.1659003922192,12.0,5.0
70,12,0.05,random,20.0,180267.8216824696,178691.39772535957,0.8744899352513485,15.76423957110045,12.0,11.8
70,12,0.05,utilization,20.0,180267.8216824696,153298.69335020529,14.960589239142596,269.6912833226432,12.0,5.0
70,12,0.1,degree_product,40.0,180267.8216824696,180095.92314210965,0.0953573071198138,0.8594927017997542,12.0,12.0
70,12,0.1,early_price_50,40.0,180267.8216824696,152479.20773777372,15.415182635114869,138.94306972347945,12.0,5.0
70,12,0.1,exact_dual,40.0,180267.8216824696,153743.855608292,14.713644302474504,132.61983037088794,12.0,5.0
70,12,0.1,random,40.0,180267.8216824696,177842.6844796259,1.3452967813165448,12.125686014218562,12.0,12.1
70,12,0.1,utilization,40.0,180267.8216824696,153125.64687368224,15.05658334108934,135.71087404393677,12.0,5.0
70,13,0.05,degree_product,20.0,316905.4110462451,316905.4110462451,0.0,0.0,17.0,17.0
70,13,0.05,early_price_50,20.0,316905.4110462451,265126.8755129777,16.338798180290922,517.7853553326736,17.0,12.0
70,13,0.05,exact_dual,20.0,316905.4110462451,264263.503361524,16.61123661818421,526.4190768472105,17.0,10.0
70,13,0.05,random,20.0,316905.4110462451,313929.904194145,0.9389258587528158,29.75506852100097,17.0,17.0
70,13,0.05,utilization,20.0,316905.4110462451,262948.4267995644,17.026211091992653,539.5698424668069,17.0,9.0
70,13,0.1,degree_product,40.0,316905.4110462451,311408.8597315625,1.7344453969832934,27.48275657341292,17.0,15.0
70,13,0.1,early_price_50,40.0,316905.4110462451,261755.1303945074,17.402757646094518,275.7514032586884,17.0,11.0
70,13,0.1,exact_dual,40.0,316905.4110462451,260422.72773121856,17.823199398379526,282.4134165751326,17.0,9.0
70,13,0.1,random,40.0,316905.4110462451,311801.0618351903,1.610685407422693,25.521746055273862,17.0,15.9
70,13,0.1,utilization,40.0,316905.4110462451,259875.64986747867,17.995830677199834,285.14880589383205,17.0,8.0
70,14,0.05,degree_product,20.0,198396.18862072375,198396.18862072375,0.0,0.0,16.0,16.0
70,14,0.05,early_price_50,20.0,198396.18862072375,168998.71681275422,14.817558750671886,293.9747180796956,16.0,10.0
70,14,0.05,exact_dual,20.0,198396.18862072375,157566.50064457237,20.5798751780489,408.29687976151416,16.0,8.0
70,14,0.05,random,20.0,198396.18862072375,194833.01397247452,1.7959894658364708,35.631746482492545,16.0,15.4
70,14,0.05,utilization,20.0,198396.18862072375,157566.5006445724,20.579875178048887,408.2968797615138,16.0,8.0
70,14,0.1,degree_product,40.0,198396.18862072375,198396.18862072375,0.0,0.0,16.0,16.0
70,14,0.1,early_price_50,40.0,198396.18862072375,155966.75106946635,21.38621605900417,212.1471877562872,16.0,6.0
70,14,0.1,exact_dual,40.0,198396.18862072375,157566.50064457237,20.5798751780489,204.14843988075708,16.0,8.0
70,14,0.1,random,40.0,198396.18862072375,194139.9733765027,2.145310993024037,21.28107622110545,16.0,15.1
70,14,0.1,utilization,40.0,198396.18862072375,156254.85676103627,21.24099870701124,210.7066592984376,16.0,8.0
70,15,0.05,degree_product,20.0,353320.50763793674,349150.0437714394,1.1803628083685966,41.70463866497332,18.0,16.0
70,15,0.05,early_price_50,20.0,353320.50763793674,320023.46220521734,9.424034187916533,332.97045432719403,18.0,14.0
70,15,0.05,exact_dual,20.0,353320.50763793674,318848.43145050766,9.756602133820705,344.7207618742908,18.0,16.0
70,15,0.05,random,20.0,353320.50763793674,351750.1322113614,0.44446200903363386,15.703754265754075,18.0,18.1
70,15,0.05,utilization,20.0,353320.50763793674,318461.61896562425,9.86608133939226,348.5888867231249,18.0,17.0
70,15,0.1,degree_product,40.0,353320.50763793674,345881.7647517484,2.1053810139464626,37.19371443094191,18.0,14.0
70,15,0.1,early_price_50,40.0,353320.50763793674,318384.2307751259,9.887984452521955,174.68138431405416,18.0,15.0
70,15,0.1,exact_dual,40.0,353320.50763793674,316773.53922874585,10.343857098338088,182.7348420459544,18.0,18.0
70,15,0.1,random,40.0,353320.50763793674,348803.7245093795,1.278381251842244,22.58391564278613,18.0,17.6
70,15,0.1,utilization,40.0,353320.50763793674,309455.7217666148,12.415012693311342,219.3239293566096,18.0,14.0
70,16,0.05,degree_product,20.0,520684.1466373114,519987.0921181837,0.1338728139947088,6.970545191277052,21.0,21.0
70,16,0.05,early_price_50,20.0,520684.1466373114,467392.816704897,10.234867006529988,532.9132993241441,21.0,20.0
70,16,0.05,exact_dual,20.0,520684.1466373114,451113.3399486023,13.361422109355969,695.7080668870918,21.0,13.0
70,16,0.05,random,20.0,520684.1466373114,516230.1631188402,0.8554098578257021,44.53983518471196,21.0,21.0
70,16,0.05,utilization,20.0,520684.1466373114,459521.0839569989,11.74667273342516,611.6306268031254,21.0,15.0
70,16,0.1,degree_product,40.0,520684.1466373114,519987.0921181837,0.1338728139947088,3.4852725956385258,21.0,21.0
70,16,0.1,early_price_50,40.0,520684.1466373114,448244.8578827556,13.912328466765135,362.1964437727791,21.0,15.0
70,16,0.1,exact_dual,40.0,520684.1466373114,451084.6203446584,13.366937853234354,347.9976314632653,21.0,13.0
70,16,0.1,random,40.0,520684.1466373114,509324.97878030967,2.181585118418076,56.7958392850087,21.0,21.6
70,16,0.1,utilization,40.0,520684.1466373114,446415.1495711032,14.263733118408377,371.3449853310411,21.0,13.0
70,17,0.05,degree_product,20.0,365670.9346072486,342845.42117858696,6.24209125430697,228.25513428661623,14.0,16.0
70,17,0.05,early_price_50,20.0,365670.9346072486,277921.2204159241,23.99690702395384,877.4971419132448,14.0,15.0
70,17,0.05,exact_dual,20.0,365670.9346072486,295151.259510749,19.2850096692103,705.1967509649955,14.0,17.0
70,17,0.05,random,20.0,365670.9346072486,362821.6728578096,0.7791873730678807,28.49261749438988,14.0,14.2
70,17,0.05,utilization,20.0,365670.9346072486,287693.52098724246,21.32447680146039,779.7741362000612,14.0,17.0
70,17,0.1,degree_product,40.0,365670.9346072486,342281.6751783585,6.396258825988308,116.94629714445036,14.0,16.0
70,17,0.1,early_price_50,40.0,365670.9346072486,262603.2462363681,28.185912145733177,515.3384418544025,14.0,11.0
70,17,0.1,exact_dual,40.0,365670.9346072486,280569.34805093554,23.272723780389324,425.5079327815652,14.0,15.0
70,17,0.1,random,40.0,365670.9346072486,362230.79805285996,0.9407738567145186,17.20068277194319,14.0,14.1
70,17,0.1,utilization,40.0,365670.9346072486,266670.1109836886,27.073746982349714,495.0041181177998,14.0,10.0
70,18,0.05,degree_product,20.0,284291.0753626664,284291.0753626664,0.0,0.0,19.0,19.0
70,18,0.05,early_price_50,20.0,284291.0753626664,230294.28382164,18.9934880903818,539.9679154102638,19.0,14.0
70,18,0.05,exact_dual,20.0,284291.0753626664,228706.32203671863,19.552057079188643,555.8475332594774,19.0,15.0
70,18,0.05,random,20.0,284291.0753626664,280559.0429810801,1.312750453676863,37.32032381586235,19.0,19.1
70,18,0.05,utilization,20.0,284291.0753626664,228706.32203671863,19.552057079188643,555.8475332594774,19.0,15.0
70,18,0.1,degree_product,40.0,284291.0753626664,284291.0753626664,0.0,0.0,19.0,19.0
70,18,0.1,early_price_50,40.0,284291.0753626664,214470.20917137392,24.55964053821349,349.1043309564624,19.0,9.0
70,18,0.1,exact_dual,40.0,284291.0753626664,226867.73354549927,20.198784553441545,287.1167090858356,19.0,14.0
70,18,0.1,random,40.0,284291.0753626664,277391.7713836973,2.4268450812842994,34.49651989484555,19.0,19.1
70,18,0.1,utilization,40.0,284291.0753626664,214470.209171374,24.559640538213458,349.1043309564619,19.0,9.0
70,19,0.05,degree_product,20.0,517430.0303068207,517181.99496362574,0.0479360162083914,2.480353431949625,24.0,22.0
70,19,0.05,early_price_50,20.0,517430.0303068207,420973.2865154304,18.64150477199677,964.5674379139032,24.0,21.0
70,19,0.05,exact_dual,20.0,517430.0303068207,436112.1363250354,15.715727580319635,813.1789398178528,24.0,29.0
70,19,0.05,random,20.0,517430.03030682064,511235.0363733422,1.1972621553884353,61.94993933478476,24.0,24.1
70,19,0.05,utilization,20.0,517430.0303068207,422665.461908839,18.31447014039543,947.645683979817,24.0,30.0
70,19,0.1,degree_product,40.0,517430.0303068207,501967.52977791126,2.9883268506353677,77.31250264454721,24.0,21.0
70,19,0.1,early_price_50,40.0,517430.0303068207,401908.61179326096,22.32599805717866,577.6070925677986,24.0,18.0
70,19,0.1,exact_dual,40.0,517430.0303068207,417006.6093638369,19.408116085461003,502.1171047149191,24.0,26.0
70,19,0.1,random,40.0,517430.03030682064,505532.7284933892,2.299306402138419,59.486509067157456,24.0,23.5
70,19,0.1,utilization,40.0,517430.0303068207,413540.4996507263,20.0779863114035,519.4476532804722,24.0,20.0
150,0,0.05,degree_product,43.0,930075.0642775226,916148.944530446,1.4973113764634025,64.77264998640302,58.0,49.0
150,0,0.05,early_price_50,43.0,930075.0642775226,746739.6999424081,19.71188900516631,852.7226248144859,58.0,46.0
150,0,0.05,exact_dual,43.0,930075.0642775226,716620.9296300571,22.95020507976693,992.809928592863,58.0,37.0
150,0,0.05,random,43.0,930075.0642775226,909908.7903181107,2.1682415467268763,93.79662306703233,58.0,55.5
150,0,0.05,utilization,43.0,930075.0642775226,720532.0472409163,22.529688740701616,974.6186838911922,58.0,34.0
150,0,0.1,degree_product,86.0,930075.0642775226,900581.1288829262,3.171134946780576,68.590547429294,58.0,46.0
150,0,0.1,early_price_50,86.0,930075.0642775226,701292.207844048,24.59832170763463,532.0531544964525,58.0,33.0
150,0,0.1,exact_dual,86.0,930075.0642775226,695003.0697422485,25.27451853769209,546.679057058777,58.0,33.0
150,0,0.1,random,86.0,930075.0642775226,901124.9488712784,3.112664398623832,67.32584978196317,58.0,54.5
150,0,0.1,utilization,86.0,930075.0642775226,690206.7933112445,25.790205562881805,557.8331882936701,58.0,26.0
150,1,0.05,degree_product,43.0,1042681.0353557996,1034373.5532528324,0.796742418944306,38.639451641708526,45.0,39.0
150,1,0.05,early_price_50,43.0,1042681.0353557996,835252.2761614493,19.893788432007725,964.784926485351,45.0,45.0
150,1,0.05,exact_dual,43.0,1042681.0353557996,794321.0613701951,23.819362351867788,1155.1626697004865,45.0,41.0
150,1,0.05,random,43.0,1042681.0353557996,1031056.0061647317,1.1149171028224627,54.069903214270425,45.0,44.4
150,1,0.05,utilization,43.0,1042681.0353557996,795825.5207574472,23.67507475707724,1148.1651841783837,45.0,37.0
150,1,0.1,degree_product,86.0,1042681.0353557996,1034160.2963506306,0.8171951647956802,19.81567210504449,45.0,38.0
150,1,0.1,early_price_50,86.0,1042681.0353557996,803931.3185706519,22.89767519399429,555.2318995003437,45.0,34.0
150,1,0.1,exact_dual,86.0,1042681.0353557996,778913.3263561904,25.297065934416125,613.4132767432775,45.0,39.0
150,1,0.1,random,86.0,1042681.0353557996,1022500.6380872817,1.9354334244347036,46.93115643841391,45.0,43.7
150,1,0.1,utilization,86.0,1042681.0353557996,760745.9088852387,27.03944129705541,655.6630848152582,45.0,27.0
150,2,0.05,degree_product,43.0,491831.37629727554,491831.37629727554,0.0,0.0,44.0,44.0
150,2,0.05,early_price_50,43.0,491831.37629727554,416820.7706322391,15.251285151783025,348.88653797691387,44.0,36.0
150,2,0.05,exact_dual,43.0,491831.37629727554,392996.59526717046,20.09525739780513,459.6966559539771,44.0,39.0
150,2,0.05,random,43.0,491831.37629727554,489009.11911690095,0.573826176284597,13.126777583137507,44.0,43.5
150,2,0.05,utilization,43.0,491831.37629727554,399506.3141542651,18.771690175212974,429.4188936884206,44.0,41.0
150,2,0.1,degree_product,86.0,491831.37629727554,488762.68217574654,0.6239321583408297,7.136497957044184,44.0,41.0
150,2,0.1,early_price_50,86.0,491831.37629727554,402052.8283268291,18.253928540781413,208.78732086150328,44.0,33.0
150,2,0.1,exact_dual,86.0,491831.37629727554,387919.7523329402,21.127489821130983,241.65493945194257,44.0,35.0
150,2,0.1,random,86.0,491831.37629727554,480988.36345414736,2.204619990851173,25.216308937507428,44.0,43.4
150,2,0.1,utilization,86.0,491831.37629727554,371651.7672713758,24.43512447917924,279.4874628509296,44.0,24.0
150,3,0.05,degree_product,43.0,1206550.983543756,1202659.328440591,0.3225437761224804,18.10072141006957,55.0,54.0
150,3,0.05,early_price_50,43.0,1206550.983543756,1005980.3103172804,16.623472688852342,932.8868522161656,55.0,56.0
150,3,0.05,exact_dual,43.0,1206550.983543756,929046.8823872452,22.999782432852896,1290.716749565166,55.0,52.0
150,3,0.05,random,43.0,1206550.983543756,1198463.2681108052,0.6703169234669544,37.61728108349202,55.0,53.9
150,3,0.05,utilization,43.0,1206550.983543756,974389.9111366832,19.2417125818582,1079.8189414282454,55.0,46.0
150,3,0.1,degree_product,86.0,1206550.983543756,1199398.1852836476,0.5928301710964489,16.634414558391477,55.0,49.0
150,3,0.1,early_price_50,86.0,1206550.983543756,917056.2280970294,23.99357833984377,673.2436173179688,55.0,44.0
150,3,0.1,exact_dual,86.0,1206550.983543756,905068.6539114128,24.987118965073535,701.1216968194027,55.0,44.0
150,3,0.1,random,86.0,1206550.983543756,1174474.6287008307,2.658516323008068,74.59617405331429,55.0,53.4
150,3,0.1,utilization,86.0,1206550.983543756,901025.1498481396,25.322248115720548,710.5251946409685,55.0,37.0
150,4,0.05,degree_product,43.0,1380845.8074571649,1380678.1871995917,0.0121389554625129,0.7796291049916384,60.0,59.0
150,4,0.05,early_price_50,43.0,1380845.8074571649,1179791.1300006807,14.560255487665742,935.1380346813218,60.0,61.0
150,4,0.05,exact_dual,43.0,1380845.8074571649,1156593.7218185605,16.24019745199256,1043.032956458626,60.0,56.0
150,4,0.05,random,43.0,1380845.8074571649,1370436.322424451,0.753848472906834,48.41620945448316,60.0,58.2
150,4,0.05,utilization,43.0,1380845.8074571649,1225374.0317686428,11.259169912303545,723.124538086149,60.0,55.0
150,4,0.1,degree_product,86.0,1380845.8074571649,1371442.8666627507,0.6809551612232295,21.867304173056144,60.0,56.0
150,4,0.1,early_price_50,86.0,1380845.8074571649,1132096.823245446,18.014247707337542,578.4860097946951,60.0,50.0
150,4,0.1,exact_dual,86.0,1380845.8074571649,1122267.038108436,18.72611467205764,601.3459752296022,60.0,53.0
150,4,0.1,random,86.0,1380845.8074571649,1363642.8656220185,1.2458264161170653,40.006841477084535,60.0,60.6
150,4,0.1,utilization,86.0,1380845.8074571649,1112782.729053057,19.412962472453565,623.4025079165299,60.0,46.0
150,5,0.05,degree_product,43.0,890992.1784091023,866849.1828613612,2.709675363351588,112.29300254763288,77.0,72.0
150,5,0.05,early_price_50,43.0,890992.1784091023,716356.3153576775,19.60015668860788,812.2598281461616,77.0,58.0
150,5,0.05,exact_dual,43.0,890992.1784091023,652685.7291900184,26.74618868648077,1108.402089391088,77.0,60.0
150,5,0.05,random,43.0,890992.1784091021,873478.1668748474,1.9656751157486938,81.46051876397641,77.0,73.2
150,5,0.05,utilization,43.0,890992.1784091023,739480.6320025633,17.004812172096518,704.7048670071578,77.0,55.0
150,5,0.1,degree_product,86.0,890992.1784091023,866352.1405769206,2.765460621234332,57.30241356321318,77.0,73.0
150,5,0.1,early_price_50,86.0,890992.1784091023,635871.2135553929,28.63335627808055,593.3045694272311,77.0,49.0
150,5,0.1,exact_dual,86.0,890992.1784091023,622747.3174322488,30.106309289472552,623.8252580857056,77.0,43.0
150,5,0.1,random,86.0,890992.1784091021,865694.8262810018,2.839233917100116,58.83105146069862,77.0,72.5
150,5,0.1,utilization,86.0,890992.1784091023,607056.3676750155,31.867374104345576,660.3158389164809,77.0,45.0
150,6,0.05,degree_product,43.0,1279349.3714998637,1275159.064534848,0.3275342184365971,19.48979983728184,58.0,57.0
150,6,0.05,early_price_50,43.0,1279349.3714998637,1140090.0927318432,10.885164120943587,647.7175756652114,58.0,53.0
150,6,0.05,exact_dual,43.0,1279349.3714998637,1104364.6429710668,13.677634305916849,813.8824582734741,58.0,45.0
150,6,0.05,random,43.0,1279349.3714998637,1273217.5267988283,0.4792939940906624,28.520207911792948,58.0,55.3
150,6,0.05,utilization,43.0,1279349.3714998637,1125128.421897391,12.05463910313015,717.3067423370808,58.0,46.0
150,6,0.1,degree_product,86.0,1279349.3714998637,1274953.4582193524,0.3436053808630603,10.223054140723896,58.0,55.0
150,6,0.1,early_price_50,86.0,1279349.3714998637,1084801.8728841478,15.206752975353035,452.4360432923625,58.0,40.0
150,6,0.1,exact_dual,86.0,1279349.3714998637,1087042.7717155816,15.031593720081998,447.224650661121,58.0,36.0
150,6,0.1,random,86.0,1279349.3714998637,1266238.063973609,1.0248418311945113,30.491412851755065,58.0,54.7
150,6,0.1,utilization,86.0,1279349.3714998637,1074012.704033206,16.050085460700096,477.52713364339,58.0,29.0
150,7,0.05,degree_product,43.0,1124625.9110942984,1124496.1851007107,0.01153503509993,0.6033767143610952,57.0,56.0
150,7,0.05,early_price_50,43.0,1124625.9110942984,869833.3829075493,22.655758299115437,1185.0815264499956,57.0,50.0
150,7,0.05,exact_dual,43.0,1124625.9110942984,855806.2297917631,23.903031101334378,1250.324099081559,57.0,48.0
150,7,0.05,random,43.0,1124625.9110942984,1114230.9428085298,0.9243045339097499,48.348689701248524,57.0,55.2
150,7,0.05,utilization,43.0,1124625.9110942984,881831.1245193027,21.588937635159784,1129.2780770930028,57.0,46.0
150,7,0.1,degree_product,86.0,1124625.9110942984,1121575.0376449365,0.2712789576752044,7.095054533399728,57.0,51.0
150,7,0.1,early_price_50,86.0,1124625.9110942984,830885.3691380458,26.118955561892864,683.1175394331455,57.0,37.0
150,7,0.1,exact_dual,86.0,1124625.9110942984,831519.6929522264,26.062552467501828,681.6423677722604,57.0,45.0
150,7,0.1,random,86.0,1124625.9110942984,1107764.5925158456,1.4992824202357244,39.212368787099216,57.0,53.1
150,7,0.1,utilization,86.0,1124625.9110942984,812770.0323786077,27.729743343032577,725.2462295713736,57.0,36.0
150,8,0.05,degree_product,43.0,1282884.634947888,1280029.815893551,0.2225312375381661,13.278228159704744,54.0,52.0
150,8,0.05,early_price_50,43.0,1282884.634947888,1102590.757984363,14.053787227005692,838.5761719233714,54.0,57.0
150,8,0.05,exact_dual,43.0,1282884.634947888,1070491.890744056,16.5558724781562,987.8732288550326,54.0,47.0
150,8,0.05,random,43.0,1282884.634947888,1275154.275923707,0.6025763200831364,35.955158252004466,54.0,51.9
150,8,0.05,utilization,43.0,1282884.634947888,1105432.968792748,13.832238793813929,825.3565867680926,54.0,41.0
150,8,0.1,degree_product,86.0,1282884.634947888,1251544.1576980888,2.4429692581883757,72.88483081348619,54.0,53.0
150,8,0.1,early_price_50,86.0,1282884.634947888,1072442.860457114,16.403795692768764,489.3994755599393,54.0,46.0
150,8,0.1,exact_dual,86.0,1282884.634947888,1041775.8377529274,18.79426961916607,560.7181330115359,54.0,38.0
150,8,0.1,random,86.0,1282884.634947888,1251839.9760177846,2.41991041785019,72.1968812327984,54.0,55.6
150,8,0.1,utilization,86.0,1282884.634947888,1035831.2536868834,19.25764597461564,574.5427471186151,54.0,30.0
150,9,0.05,degree_product,43.0,926935.7842966218,910223.0145631036,1.8030126807759657,77.73381271403835,64.0,54.0
150,9,0.05,early_price_50,43.0,926935.7842966218,679956.1880352643,26.644736393338277,1148.7423081923607,64.0,61.0
150,9,0.05,exact_dual,43.0,926935.7842966218,636832.643365559,31.297005234423985,1349.316934563083,64.0,59.0
150,9,0.05,random,43.0,926935.7842966218,912040.1673292874,1.6069739910448653,69.28193938295091,64.0,59.9
150,9,0.05,utilization,43.0,926935.7842966218,659007.1847460533,28.90476385630945,1246.179532793342,64.0,60.0
150,9,0.1,degree_product,86.0,926935.7842966218,888726.7761015148,4.1220771538236365,88.85815859327207,64.0,57.0
150,9,0.1,early_price_50,86.0,926935.7842966218,626300.0868485203,32.43328206130591,699.1527847630267,64.0,50.0
150,9,0.1,exact_dual,86.0,926935.7842966218,612690.7868260749,33.90148517235231,730.8023196989462,64.0,45.0
150,9,0.1,random,86.0,926935.7842966218,900967.7703479575,2.801490069602757,60.390730113172765,64.0,60.3
150,9,0.1,utilization,86.0,926935.7842966218,603715.6594712681,34.86974289924732,751.6747088961715,64.0,37.0
150,10,0.05,degree_product,43.0,869434.8061353018,859506.1568379354,1.1419659331905423,46.17976417379714,47.0,49.0
150,10,0.05,early_price_50,43.0,869434.8061353018,649359.3235816767,25.31247668032477,1023.6068955982564,47.0,49.0
150,10,0.05,exact_dual,43.0,869434.8061353018,654875.6257841331,24.678006773722256,997.9496760519476,47.0,46.0
150,10,0.05,random,43.0,869434.8061353018,856153.8532204514,1.5275386746805288,61.77187402256006,47.0,50.3
150,10,0.05,utilization,43.0,869434.8061353018,668082.2026137111,23.15902263179652,936.5237373097242,47.0,44.0
150,10,0.1,degree_product,86.0,869434.8061353018,845697.2914715022,2.730223646016033,55.20352247395271,47.0,51.0
150,10,0.1,early_price_50,86.0,869434.8061353018,627872.525611158,27.783829082930897,561.7727454049857,47.0,41.0
150,10,0.1,exact_dual,86.0,869434.8061353018,652731.7122214487,24.92459381481557,503.9606835205888,47.0,46.0
150,10,0.1,random,86.0,869434.8061353018,831862.7086847012,4.321439305795815,87.37697081535018,47.0,51.3
150,10,0.1,utilization,86.0,869434.8061353018,616859.1592366729,29.0505561907908,587.3852253456487,47.0,35.0
150,11,0.05,degree_product,43.0,857647.3705398203,857644.0883149327,0.0003827009794907,0.0152661622680593,44.0,43.0
150,11,0.05,early_price_50,43.0,857647.3705398203,717951.6587530174,16.28824579720633,649.747496682804,44.0,36.0
150,11,0.05,exact_dual,43.0,857647.3705398203,718296.4839960826,16.248039850693825,648.1436583429662,44.0,38.0
150,11,0.05,random,43.0,857647.3705398202,845024.9253827883,1.4717523297584647,58.70904724200939,44.0,44.0
150,11,0.05,utilization,43.0,857647.3705398203,714380.0792313351,16.704684959077053,666.3594944580707,44.0,39.0
150,11,0.1,degree_product,86.0,857647.3705398203,854590.437744212,0.3564323637678975,7.109146036298371,44.0,41.0
150,11,0.1,early_price_50,86.0,857647.3705398203,688208.5515149166,19.756233720888755,394.0437651741947,44.0,33.0
150,11,0.1,exact_dual,86.0,857647.3705398203,707133.4988246051,17.54962201078967,350.03225980282593,44.0,36.0
150,11,0.1,random,86.0,857647.3705398202,849511.7385727821,0.9485987185989432,18.920074341949455,44.0,42.5
150,11,0.1,utilization,86.0,857647.3705398203,666668.9012859163,22.267714659195924,444.13597500907895,44.0,28.0
150,12,0.05,degree_product,43.0,935444.2801418093,931628.4031356644,0.4079213574929613,17.748265144859204,34.0,32.0
150,12,0.05,early_price_50,43.0,935444.2801418093,819412.0157831968,12.403973900083338,539.6849505051744,34.0,36.0
150,12,0.05,exact_dual,43.0,935444.2801418093,803853.2826682583,14.067219209849927,612.0511510397719,34.0,33.0
150,12,0.05,random,43.0,935444.2801418093,928776.8492034707,0.7127555408567792,31.01130668994678,34.0,33.9
150,12,0.05,utilization,43.0,935444.2801418093,795636.5801619388,14.945593548198962,650.2683719993975,34.0,35.0
150,12,0.1,degree_product,86.0,935444.2801418093,925804.1116544156,1.0305443832455996,22.418996482310806,34.0,34.0
150,12,0.1,early_price_50,86.0,935444.2801418093,782413.4558374191,16.35915976536746,355.8856379171864,34.0,27.0
150,12,0.1,exact_dual,86.0,935444.2801418093,796695.8271731765,14.832358903044351,322.6708208572856,34.0,32.0
150,12,0.1,random,86.0,935444.2801418093,929174.9509218767,0.6701980388379967,14.579835395192143,34.0,33.4
150,12,0.1,utilization,86.0,935444.2801418093,775003.811558627,17.15125871087267,373.1173687980981,34.0,22.0
150,13,0.05,degree_product,43.0,1021752.1657094794,1021382.2177311856,0.036207212542289,1.7206882711342903,62.0,62.0
150,13,0.05,early_price_50,43.0,1021752.1657094794,887202.4944309222,13.168523228441527,625.8124245514286,62.0,69.0
150,13,0.05,exact_dual,43.0,1021752.1657094794,826779.8274484115,19.08215561507363,906.8480849351994,62.0,54.0
150,13,0.05,random,43.0,1021752.1657094794,1010684.8668563853,1.083168621953375,51.47580861904247,62.0,64.0
150,13,0.05,utilization,43.0,1021752.1657094794,861087.0983120643,15.724465559204685,747.2793832437909,62.0,56.0
150,13,0.1,degree_product,86.0,1021752.1657094794,1018410.5084212944,0.327051647193204,7.771296019035089,62.0,62.0
150,13,0.1,early_price_50,86.0,1021752.1657094794,803514.251297824,21.35918295412825,507.53003351547767,62.0,59.0
150,13,0.1,exact_dual,86.0,1021752.1657094794,793464.3924933469,22.3427736076894,530.9017981770521,62.0,55.0
150,13,0.1,random,86.0,1021752.1657094794,999764.1214069899,2.1519939022807444,51.134986749975454,62.0,62.0
150,13,0.1,utilization,86.0,1021752.1657094794,786425.1782775013,23.031709188360065,547.272063795298,62.0,49.0
150,14,0.05,degree_product,43.0,1035105.9927781938,1033911.3475625603,0.1154128392617116,5.556489375039264,46.0,45.0
150,14,0.05,early_price_50,43.0,1035105.9927781938,863972.3056758941,16.532962643079856,795.9706376851146,46.0,51.0
150,14,0.05,exact_dual,43.0,1035105.9927781938,834417.0359324148,19.38825185497533,933.4370085850184,46.0,48.0
150,14,0.05,random,43.0,1035105.9927781938,1026372.2825682473,0.8437503280708045,40.62190795323985,46.0,44.7
150,14,0.05,utilization,43.0,1035105.9927781938,840853.2688317178,18.76645728087299,903.5010416115164,46.0,48.0
150,14,0.1,degree_product,86.0,1035105.9927781938,1033842.0542080994,0.1221071637989494,2.939392023475375,46.0,45.0
150,14,0.1,early_price_50,86.0,1035105.9927781938,819753.0983847651,20.80491233708617,500.8206846358807,46.0,41.0
150,14,0.1,exact_dual,86.0,1035105.9927781938,828511.3629318825,19.958789852217688,480.4526275495612,46.0,46.0
150,14,0.1,random,86.0,1035105.9927781938,1008981.0000375395,2.523895419688907,60.75579707128888,46.0,43.8
150,14,0.1,utilization,86.0,1035105.9927781938,805259.6067655942,22.205106299858112,534.5264790990688,46.0,43.0
150,15,0.05,degree_product,43.0,791315.9209809407,787158.696968799,0.5253557905151547,19.335925637868364,61.0,64.0
150,15,0.05,early_price_50,43.0,791315.9209809407,659894.2739714507,16.607987217870637,611.2634744627439,61.0,59.0
150,15,0.05,exact_dual,43.0,791315.9209809407,591409.1759490848,25.262570830629198,929.7988141016552,61.0,53.0
150,15,0.05,random,43.0,791315.9209809407,785486.4252716482,0.736683738407039,27.11393353159296,61.0,61.6
150,15,0.05,utilization,43.0,791315.9209809407,606225.5637519389,23.390197558461587,860.8853824604736,61.0,48.0
150,15,0.1,degree_product,86.0,791315.9209809407,786710.3284827726,0.582016913353503,10.710680228297946,61.0,64.0
150,15,0.1,early_price_50,86.0,791315.9209809407,575391.8323342964,27.286711024211144,502.14904336428896,61.0,40.0
150,15,0.1,exact_dual,86.0,791315.9209809407,555791.975527036,29.763579780113812,547.7301057067551,61.0,36.0
150,15,0.1,random,86.0,791315.9209809407,767019.3824333322,3.0703967787593296,56.503578017694245,61.0,60.2
150,15,0.1,utilization,86.0,791315.9209809407,551605.187766587,30.292671594070868,557.4668214287295,61.0,37.0
150,16,0.05,degree_product,43.0,854370.8245400725,847586.3247685122,0.7940931006407624,31.555812890978185,59.0,59.0
150,16,0.05,early_price_50,43.0,854370.8245400725,716736.0612749691,16.109487743708396,640.1616896051318,59.0,50.0
150,16,0.05,exact_dual,43.0,854370.8245400725,637171.4052135812,25.422148449815666,1010.2298573325176,59.0,48.0
150,16,0.05,random,43.0,854370.8245400725,839468.7450253129,1.744216806886125,69.3119977430675,59.0,58.2
150,16,0.05,utilization,43.0,854370.8245400725,656663.2091839808,23.140726447736814,919.5703039818216,59.0,48.0
150,16,0.1,degree_product,86.0,854370.8245400725,821868.3282617036,3.804261023995724,75.58720064736946,59.0,52.0
150,16,0.1,early_price_50,86.0,854370.8245400725,627048.7115941413,26.60696110126465,528.6560766184446,59.0,44.0
150,16,0.1,exact_dual,86.0,854370.8245400725,598918.0810877334,29.899516242242377,594.0761475635793,59.0,35.0
150,16,0.1,random,86.0,854370.8245400725,809807.3795989936,5.215937115487118,103.63591846762552,59.0,57.6
150,16,0.1,utilization,86.0,854370.8245400725,596260.0263666078,30.21062877614199,600.2576701708482,59.0,28.0
150,17,0.05,degree_product,43.0,969261.86204793,967409.4217420514,0.1911186623978647,8.616001422691355,64.0,62.0
150,17,0.05,early_price_50,43.0,969261.86204793,850539.4789959798,12.248741821029109,552.1971304741872,64.0,57.0
150,17,0.05,exact_dual,43.0,969261.86204793,807757.1729573009,16.662647671846877,751.1846004215307,64.0,49.0
150,17,0.05,random,43.0,969261.86204793,961534.4937159658,0.7972425857793842,35.941248055648025,64.0,62.7
150,17,0.05,utilization,43.0,969261.86204793,811846.0365632137,16.240794324881023,732.1666301614713,64.0,52.0
150,17,0.1,degree_product,86.0,969261.86204793,965104.8647696418,0.428882786072385,9.667435530902884,64.0,58.0
150,17,0.1,early_price_50,86.0,969261.86204793,793097.2489023228,18.175130998489223,409.6851468502492,64.0,47.0
150,17,0.1,exact_dual,86.0,969261.86204793,775003.0856382488,20.041929226353396,451.76459630158416,64.0,44.0
150,17,0.1,random,86.0,969261.86204793,945227.7422180325,2.479631229801659,55.8933019299943,64.0,61.7
150,17,0.1,utilization,86.0,969261.86204793,754822.2757610359,22.12400948426981,498.6967122951027,64.0,41.0
150,18,0.05,degree_product,43.0,927560.7491826864,923510.65201848,0.4366395589480173,18.83766122886608,45.0,43.0
150,18,0.05,early_price_50,43.0,927560.7491826864,735747.9953931987,20.679265908836925,892.1523432069192,45.0,48.0
150,18,0.05,exact_dual,43.0,927560.7491826864,704238.9861155426,24.07624118031322,1038.705874730901,45.0,41.0
150,18,0.05,random,43.0,927560.7491826864,912846.5335150346,1.5863344455462367,68.43821240768226,45.0,44.9
150,18,0.05,utilization,43.0,927560.7491826864,723570.7408340685,21.992091464452564,948.7907365051992,45.0,38.0
150,18,0.1,degree_product,86.0,927560.7491826864,915868.3138638264,1.2605573628641251,27.191710043860446,45.0,46.0
150,18,0.1,early_price_50,86.0,927560.7491826864,708006.4683965648,23.670070233090417,510.5913506653988,45.0,38.0
150,18,0.1,exact_dual,86.0,927560.7491826864,702785.3544604111,24.23295670071577,522.7334760983144,45.0,38.0
150,18,0.1,random,86.0,927560.7491826864,903392.8663406298,2.6055309976572465,56.20437870245738,45.0,44.4
150,18,0.1,utilization,86.0,927560.7491826864,688151.7385321425,25.810601716544973,556.7651410477764,45.0,28.0
150,19,0.05,degree_product,43.0,1175174.6875548651,1148502.0733185252,2.2696722894735317,124.05867086669733,66.0,65.0
150,19,0.05,early_price_50,43.0,1175174.6875548651,912078.6609542684,22.387822796626864,1223.7024493051006,66.0,61.0
150,19,0.05,exact_dual,43.0,1175174.6875548651,892950.9387026939,24.01547206904038,1312.6685993124242,66.0,68.0
150,19,0.05,random,43.0,1175174.6875548651,1158827.7727354148,1.3910199898418973,76.03216195093133,66.0,64.1
150,19,0.05,utilization,43.0,1175174.6875548651,957795.6788500928,18.497591124691724,1011.0651567663836,66.0,64.0
150,19,0.1,degree_product,86.0,1175174.6875548651,1145950.417440632,2.486802211085649,67.9634188703099,66.0,58.0
150,19,0.1,early_price_50,86.0,1175174.6875548651,857782.2343976912,27.00810837047202,738.121984086451,66.0,46.0
150,19,0.1,exact_dual,86.0,1175174.6875548651,847557.2777501994,27.878188091876368,761.9009530341064,66.0,48.0
150,19,0.1,random,86.0,1175174.6875548651,1145262.6469839585,2.5453271660524885,69.56288504861962,66.0,61.8
150,19,0.1,utilization,86.0,1175174.6875548651,837608.9345997131,28.724729738479176,785.0366347794234,66.0,44.0
300,0,0.05,degree_product,86.0,1294161.227525463,1265089.8946367863,2.24634553024461,67.60775090390004,110.0,100.0
300,0,0.05,early_price_50,86.0,1294161.227525463,1071657.726420761,17.192873374065318,517.450002569075,110.0,98.0
300,0,0.05,exact_dual,86.0,1294161.227525463,970043.699674958,25.04460193651784,753.7616926755935,110.0,94.0
300,0,0.05,random,86.0,1294161.227525463,1273789.7820221405,1.5741041432893723,47.37545465889051,110.0,108.2
300,0,0.05,utilization,86.0,1294161.227525463,986096.7856809018,23.804177971983027,716.428934522236,110.0,97.0
300,0,0.1,degree_product,171.0,1294161.227525463,1256576.7058073166,2.9041606964235256,43.95850493350496,110.0,93.0
300,0,0.1,early_price_50,171.0,1294161.227525463,956065.7898436025,26.124676778358253,395.4332604466209,110.0,81.0
300,0,0.1,exact_dual,171.0,1294161.227525463,960100.712603974,25.812897791741065,390.7140525397537,110.0,90.0
300,0,0.1,random,171.0,1294161.227525463,1254798.202786224,3.041585847422165,46.03862542601106,110.0,106.4
300,0,0.1,utilization,171.0,1294161.227525463,928089.204712687,28.28643101236579,428.1544126465221,110.0,65.0
300,1,0.05,degree_product,86.0,1853157.7053582564,1802312.7240923103,2.743694242477672,118.2441424789438,114.0,105.0
300,1,0.05,early_price_50,86.0,1853157.7053582564,1589275.8002976123,14.239581677136854,613.678848978242,114.0,117.0
300,1,0.05,exact_dual,86.0,1853157.7053582564,1512989.8018795438,18.356122767919015,791.0881476249128,114.0,103.0
300,1,0.05,random,86.0,1853157.7053582564,1834251.6073920205,1.0202098780676017,43.96766968892053,114.0,110.7
300,1,0.05,utilization,86.0,1853157.7053582564,1552997.3812664456,16.19723584365871,698.0472653297924,114.0,91.0
300,1,0.1,degree_product,171.0,1853157.7053582564,1796610.0739714582,3.051420352584952,66.13758056935451,114.0,101.0
300,1,0.1,early_price_50,171.0,1853157.7053582564,1454512.5905929364,21.51166701099802,466.2515962167485,114.0,87.0
300,1,0.1,exact_dual,171.0,1853157.7053582564,1447634.189379449,21.88283894059684,474.2965099167337,114.0,89.0
300,1,0.1,random,171.0,1853157.7053582564,1818651.9336239137,1.8619986650122649,40.357627759465096,114.0,108.0
300,1,0.1,utilization,171.0,1853157.7053582564,1426556.20100378,23.02024825631367,498.9491278999725,114.0,75.0
300,2,0.05,degree_product,86.0,1979433.008440517,1946041.2947175463,1.6869332571794389,77.65514819295481,140.0,145.0
300,2,0.05,early_price_50,86.0,1979433.008440517,1632364.8061317613,17.5337180308108,807.1353542064084,140.0,140.0
300,2,0.05,exact_dual,86.0,1979433.008440517,1539988.8386759097,22.20050731147605,1021.9631854990864,140.0,133.0
300,2,0.05,random,86.0,1979433.008440517,1956352.3726212247,1.1660225792372827,53.675897254168035,140.0,140.1
300,2,0.05,utilization,86.0,1979433.008440517,1569063.9481886972,20.731646815121376,954.3466517484178,140.0,130.0
300,2,0.1,degree_product,171.0,1979433.008440517,1918133.9304844923,3.0967998257399287,71.69482801874217,140.0,134.0
300,2,0.1,early_price_50,171.0,1979433.008440517,1486678.8557489126,24.8937019131462,576.320646422929,140.0,117.0
300,2,0.1,exact_dual,171.0,1979433.008440517,1451543.9997314832,26.668697877526437,617.4140452737237,140.0,110.0
300,2,0.1,random,171.0,1979433.008440517,1905415.6397726361,3.739321732650847,86.57002183377863,140.0,142.2
300,2,0.1,utilization,171.0,1979433.008440517,1427898.765439631,27.863243699033216,645.0692900595158,140.0,105.0
300,3,0.05,degree_product,86.0,2003272.2123786367,1997295.1876900657,0.2983630807454779,13.90005741528138,115.0,117.0
300,3,0.05,early_price_50,86.0,2003272.2123786367,1636520.437260368,18.30763552012717,852.9111049262065,115.0,108.0
300,3,0.05,exact_dual,86.0,2003272.2123786367,1487126.6595764535,25.76512316263421,1200.3384948887976,115.0,111.0
300,3,0.05,random,86.0,2003272.2123786367,1979441.9503891817,1.189566841800269,55.419213928964936,115.0,116.4
300,3,0.05,utilization,86.0,2003272.2123786367,1503877.8824592002,24.928930119110863,1161.3821626033407,115.0,105.0
300,3,0.1,degree_product,171.0,2003272.2123786367,1973046.6807652889,1.5088080105428487,35.3514989629799,115.0,124.0
300,3,0.1,early_price_50,171.0,2003272.2123786367,1460886.618684384,27.07498213885956,634.3691154318744,115.0,97.0
300,3,0.1,exact_dual,171.0,2003272.2123786367,1438600.739670694,28.18745596423291,660.4344710034417,115.0,93.0
300,3,0.1,random,171.0,2003272.2123786367,1942612.3951896622,3.0280366699115886,70.94715460698747,115.0,116.2
300,3,0.1,utilization,171.0,2003272.2123786367,1391421.3428306624,30.54257258535411,715.615052102894,115.0,87.0
300,4,0.05,degree_product,86.0,2059590.0290809933,2015364.3720953092,2.1473038984082526,102.85036508298566,105.0,94.0
300,4,0.05,early_price_50,86.0,2059590.0290809933,1706961.1308125982,17.12131508161074,820.0672052753374,105.0,99.0
300,4,0.05,exact_dual,86.0,2059590.0290809933,1657176.6398958634,19.53851900150683,935.8450911282092,105.0,88.0
300,4,0.05,random,86.0,2059590.0290809933,2028272.3172212082,1.5205798929682754,72.83188804601173,105.0,102.0
300,4,0.05,utilization,86.0,2059590.0290809933,1688137.2317747967,18.03527848073444,863.8437146655733,105.0,88.0
300,4,0.1,degree_product,171.0,2059590.0290809933,2005026.784801214,2.649228414847485,63.81665997635001,105.0,90.0
300,4,0.1,early_price_50,171.0,2059590.0290809933,1649104.4874277546,19.93044906303032,480.1000487172382,105.0,87.0
300,4,0.1,exact_dual,171.0,2059590.0290809933,1639102.1222662532,20.4160974212118,491.79872142074856,105.0,78.0
300,4,0.1,random,171.0,2059590.0290809933,2009412.0740566049,2.436307921279762,58.68766669519109,105.0,96.0
300,4,0.1,utilization,171.0,2059590.0290809933,1604769.8564661357,22.08304401326911,531.9534182629916,105.0,55.0
300,5,0.05,degree_product,86.0,2149884.8063517287,2139780.622713716,0.4699872108570959,23.49810148375109,125.0,124.0
300,5,0.05,early_price_50,86.0,2149884.8063517287,1855531.1035958524,13.69160347039166,684.5434947811078,125.0,108.0
300,5,0.05,exact_dual,86.0,2149884.8063517287,1745672.1558173397,18.80159575713837,940.0294198474164,125.0,99.0
300,5,0.05,random,86.0,2149884.8063517287,2120575.5483990805,1.3632943433087894,68.1610650061587,125.0,125.7
300,5,0.05,utilization,86.0,2149884.8063517287,1854464.5217316,13.741214587280403,687.0239177212297,125.0,99.0
300,5,0.1,degree_product,171.0,2149884.8063517287,2131830.523651801,0.8397790731199737,21.116120116874487,125.0,112.0
300,5,0.1,early_price_50,171.0,2149884.8063517287,1713179.8702066776,20.31294583108955,510.7660071871943,125.0,85.0
300,5,0.1,exact_dual,171.0,2149884.8063517287,1706147.1191289132,20.640068059079933,518.9914470442287,125.0,83.0
300,5,0.1,random,171.0,2149884.8063517287,2108725.8992425064,1.914470346858615,48.139072642365626,125.0,121.8
300,5,0.1,utilization,171.0,2149884.8063517287,1683869.213221036,21.67630524918696,545.0474773458393,125.0,77.0
300,6,0.05,degree_product,86.0,2342745.4585013823,2291301.442786845,2.1958858367586074,119.63724584776128,105.0,105.0
300,6,0.05,early_price_50,86.0,2342745.4585013823,1953446.866232657,16.61719547277464,905.34556341564,105.0,112.0
300,6,0.05,exact_dual,86.0,2342745.4585013823,1867193.7267841047,20.29890742041948,1105.9342598076223,105.0,101.0
300,6,0.05,random,86.0,2342745.4585013823,2319037.3869944913,1.0119781225424418,55.13505001602467,105.0,106.5
300,6,0.05,utilization,86.0,2342745.4585013823,1906833.5447713733,18.606883310697132,1013.7486365814156,105.0,87.0
300,6,0.1,degree_product,171.0,2342745.4585013823,2258679.6917878413,3.588344026385033,98.3225341678842,105.0,106.0
300,6,0.1,early_price_50,171.0,2342745.4585013823,1863013.365466277,20.477345982861596,561.0901672925206,105.0,94.0
300,6,0.1,exact_dual,171.0,2342745.4585013823,1805239.8718342048,22.94340534165464,628.6615048738918,105.0,79.0
300,6,0.1,random,171.0,2342745.4585013823,2291246.934834889,2.1982125065962594,60.23219142279915,105.0,105.0
300,6,0.1,utilization,171.0,2342745.4585013823,1769595.4571000007,24.464885816832048,670.3508788320253,105.0,61.0
300,7,0.05,degree_product,86.0,2435158.653602937,2396721.65467489,1.5784186739199666,89.3883696001088,105.0,103.0
300,7,0.05,early_price_50,86.0,2435158.653602937,2071675.045085372,14.926485712944125,845.3107174827089,105.0,97.0
300,7,0.05,exact_dual,86.0,2435158.653602937,1866388.4674151968,23.356596718912616,1322.7213632273028,105.0,87.0
300,7,0.05,random,86.0,2435158.653602937,2406312.898110048,1.1845534355722613,67.08315230904375,105.0,105.0
300,7,0.05,utilization,86.0,2435158.653602937,1927539.920841724,20.845407013221337,1180.50868084003,105.0,84.0
300,7,0.1,degree_product,171.0,2435158.653602937,2394678.023711248,1.6623405555853972,47.34576595519174,105.0,101.0
300,7,0.1,early_price_50,171.0,2435158.653602937,1918219.326543748,21.22815802142304,604.607400069227,105.0,85.0
300,7,0.1,exact_dual,171.0,2435158.653602937,1852967.8612669269,23.90771506713249,680.9249033169707,105.0,82.0
300,7,0.1,random,171.0,2435158.653602937,2385596.8921912573,2.035258004169477,57.96697241132099,105.0,103.3
300,7,0.1,utilization,171.0,2435158.653602937,1827650.659015854,24.947368159698545,710.5356661837227,105.0,58.0
300,8,0.05,degree_product,86.0,1637067.5041415996,1635460.15934472,0.0981843933016371,3.7380111555341458,95.0,95.0
300,8,0.05,early_price_50,86.0,1637067.5041415996,1345519.3010272474,17.809174171301276,678.0190770101214,95.0,98.0
300,8,0.05,exact_dual,86.0,1637067.5041415996,1276567.4475676217,22.02108683129759,838.3722245906464,95.0,101.0
300,8,0.05,random,86.0,1637067.5041415996,1617315.9438884421,1.206520818670469,45.93386105385452,95.0,97.5
300,8,0.05,utilization,86.0,1637067.5041415996,1321537.5612164252,19.274094814472747,733.7905649422662,95.0,88.0
300,8,0.1,degree_product,171.0,1637067.5041415996,1623927.3810178663,0.8026622659413882,15.36856505699777,95.0,92.0
300,8,0.1,early_price_50,171.0,1637067.5041415996,1258205.5341936874,23.142721298262497,443.113415143757,95.0,94.0
300,8,0.1,exact_dual,171.0,1637067.5041415996,1263886.7571672278,22.795684724683973,436.468709911546,95.0,90.0
300,8,0.1,random,171.0,1637067.5041415996,1612972.839338181,1.4718186478237278,28.180894506922264,95.0,94.1
300,8,0.1,utilization,171.0,1637067.5041415996,1226064.3439560295,25.10606063255042,480.7054505094385,95.0,67.0
300,9,0.05,degree_product,86.0,1646860.0379699338,1623326.844198357,1.428973514991951,54.72835760831801,100.0,97.0
300,9,0.05,early_price_50,86.0,1646860.0379699338,1406918.6345873117,14.569629346182646,558.0032636805166,100.0,90.0
300,9,0.05,exact_dual,86.0,1646860.0379699338,1325750.2196337704,19.498306530771853,746.7670193864266,100.0,74.0
300,9,0.05,random,86.0,1646860.0379699338,1608611.8529582494,2.3224915372184545,88.94926746903334,100.0,97.8
300,9,0.05,utilization,86.0,1646860.0379699338,1336741.7264608264,18.830884492855077,721.2053756025755,100.0,80.0
300,9,0.1,degree_product,171.0,1646860.0379699338,1589712.085648356,3.4701159178058303,66.83971031763487,100.0,92.0
300,9,0.1,early_price_50,171.0,1646860.0379699338,1292228.0829754074,21.53382478280773,414.7742163678672,100.0,74.0
300,9,0.1,exact_dual,171.0,1646860.0379699338,1298223.8708686382,21.169750863045756,407.76159894888383,100.0,68.0
300,9,0.1,random,171.0,1646860.0379699338,1603440.5303208586,2.6365025957274417,50.78304988195934,100.0,95.6
300,9,0.1,utilization,171.0,1646860.0379699338,1245796.4098758833,24.35323092716715,469.0802667766673,100.0,53.0
300,10,0.05,degree_product,86.0,2536706.009176315,2510889.132538085,1.0177323089407924,60.03924799588357,107.0,107.0
300,10,0.05,early_price_50,86.0,2536706.009176315,2285568.248411584,9.900152396701134,584.0413041040247,107.0,108.0
300,10,0.05,exact_dual,86.0,2536706.009176315,2124899.1456173942,16.233921552960602,957.6903803695828,107.0,100.0
300,10,0.05,random,86.0,2536706.009176315,2510412.526867572,1.0365206773519768,61.14763327614567,107.0,107.8
300,10,0.05,utilization,86.0,2536706.009176315,2195688.406155657,13.443323813916772,793.0641930712961,107.0,92.0
300,10,0.1,degree_product,171.0,2536706.009176315,2496738.8018203294,1.5755553545191086,46.745271761386455,107.0,110.0
300,10,0.1,early_price_50,171.0,2536706.009176315,2162850.4510912886,14.737835473745715,437.25796267254526,107.0,96.0
300,10,0.1,exact_dual,171.0,2536706.009176315,2099298.650267895,17.243123851409532,511.58755427885376,107.0,90.0
300,10,0.1,random,171.0,2536706.009176315,2492670.588933172,1.7359291965189587,51.50341548905561,107.0,106.4
300,10,0.1,utilization,171.0,2536706.009176315,2037489.3275529929,19.679721647579537,583.8791597933592,107.0,74.0
300,11,0.05,degree_product,86.0,2415425.062856845,2413023.8840156663,0.09941019815116,5.584136839950631,108.0,108.0
300,11,0.05,early_price_50,86.0,2415425.062856845,2134498.2786107063,11.630531974106145,653.3181028979972,108.0,117.0
300,11,0.05,exact_dual,86.0,2415425.062856845,1996034.499007476,17.363012841861263,975.3268926729525,108.0,97.0
300,11,0.05,random,86.0,2415425.062856845,2395632.9778463384,0.8194038107353958,46.02810467559725,108.0,106.8
300,11,0.05,utilization,86.0,2415425.062856845,2036890.850250261,15.67153617917968,880.3121223408929,108.0,110.0
300,11,0.1,degree_product,171.0,2415425.062856845,2400903.7368548834,0.6011913275747255,16.984007019838263,108.0,106.0
300,11,0.1,early_price_50,171.0,2415425.062856845,1998607.9525864995,17.256470369540473,487.5053921290594,108.0,111.0
300,11,0.1,exact_dual,171.0,2415425.062856845,1956213.2054970677,19.011637513467075,537.0898916488628,108.0,93.0
300,11,0.1,random,171.0,2415425.062856845,2365195.1839867993,2.079546148727812,58.74839633923492,108.0,105.2
300,11,0.1,utilization,171.0,2415425.062856845,1930395.2990371068,20.080513830806623,567.2862734733782,108.0,79.0
300,12,0.05,degree_product,86.0,2206033.8093374246,2205699.2029275573,0.0151677824905046,0.7781544415518468,127.0,125.0
300,12,0.05,early_price_50,86.0,2206033.8093374246,1904122.4581857768,13.68570825495762,702.1194212829023,127.0,126.0
300,12,0.05,exact_dual,86.0,2206033.8093374246,1746515.0934450403,20.830084921971302,1068.6481764939165,127.0,101.0
300,12,0.05,random,86.0,2206033.8093374246,2188876.7624085555,0.777732728131786,39.90010913690585,127.0,126.5
300,12,0.05,utilization,86.0,2206033.8093374246,1805544.544461995,18.154266864827218,931.370383431232,127.0,110.0
300,12,0.1,degree_product,171.0,2206033.8093374246,2187357.596136826,0.8465968708887481,21.843524211226303,127.0,125.0
300,12,0.1,early_price_50,171.0,2206033.8093374246,1719070.1052666183,22.074172300063893,569.5481918956796,127.0,103.0
300,12,0.1,exact_dual,171.0,2206033.8093374246,1675365.916623153,24.055292827704037,620.664202004996,127.0,89.0
300,12,0.1,random,171.0,2206033.8093374246,2149690.819590194,2.5540401742144136,65.89823362249173,127.0,123.6
300,12,0.1,utilization,171.0,2206033.8093374246,1642676.1210937551,25.537128481855504,658.8978809867479,127.0,80.0
300,13,0.05,degree_product,86.0,2433164.379649056,2410300.5344475843,0.939675321269069,53.17173302667865,108.0,101.0
300,13,0.05,early_price_50,86.0,2433164.379649056,2144160.8412691616,11.877682445013376,672.1012520462665,108.0,92.0
300,13,0.05,exact_dual,86.0,2433164.379649056,2007347.455020984,17.500540785061517,990.2719177397028,108.0,78.0
300,13,0.05,random,86.0,2433164.379649056,2415299.7037150166,0.7342157432296484,41.5457579861381,108.0,104.3
300,13,0.05,utilization,86.0,2433164.379649056,2026131.5633535013,16.728537525042285,946.5879448733828,108.0,84.0
300,13,0.1,degree_product,171.0,2433164.379649056,2407596.837896175,1.0507938537456565,29.90355760570866,108.0,95.0
300,13,0.1,early_price_50,171.0,2433164.379649056,2021195.3867346016,16.93140818434446,481.8350794321103,108.0,80.0
300,13,0.1,exact_dual,171.0,2433164.379649056,1974724.008707388,18.841323454183996,536.1875683528282,108.0,83.0
300,13,0.1,random,171.0,2433164.379649056,2389711.24914222,1.7858690876077883,50.82237486179684,108.0,99.7
300,13,0.1,utilization,171.0,2433164.379649056,1945585.5401346588,20.03887791521601,570.2676485548507,108.0,63.0
300,14,0.05,degree_product,86.0,2880977.790866597,2871899.5459555304,0.3151098540171665,21.112197467597028,100.0,97.0
300,14,0.05,early_price_50,86.0,2880977.790866597,2656238.16477441,7.800810780446368,522.6502932376445,100.0,89.0
300,14,0.05,exact_dual,86.0,2880977.790866597,2563330.6438766485,11.025671492399823,738.7142953254618,100.0,72.0
300,14,0.05,random,86.0,2880977.790866597,2866589.796458273,0.4994135829140031,33.460452112380395,100.0,98.3
300,14,0.05,utilization,86.0,2880977.790866597,2565120.6001256043,10.963541327612354,734.5516063744018,100.0,71.0
300,14,0.1,degree_product,171.0,2880977.790866597,2858752.314990201,0.7714559947964973,25.99470862736381,100.0,93.0
300,14,0.1,early_price_50,171.0,2880977.790866597,2546916.45703862,11.595415101325443,390.7150103251199,100.0,68.0
300,14,0.1,exact_dual,171.0,2880977.790866597,2546951.834106276,11.594187147824105,390.6736336378032,100.0,61.0
300,14,0.1,random,171.0,2880977.790866597,2831460.1640146603,1.7187784997482436,57.91535304320115,100.0,95.9
300,14,0.1,utilization,171.0,2880977.790866597,2476235.4465751746,14.048783908524202,473.3828588203773,100.0,46.0
300,15,0.05,degree_product,86.0,1989254.39683492,1983450.763140424,0.2917491952628365,13.496822545340631,81.0,81.0
300,15,0.05,early_price_50,86.0,1989254.39683492,1729674.7289857653,13.0490935831118,603.6736461608253,81.0,88.0
300,15,0.05,exact_dual,86.0,1989254.39683492,1646322.090784182,17.239238309407472,797.5169908156699,81.0,92.0
300,15,0.05,random,86.0,1989254.39683492,1975063.432009168,0.71338109637115,33.00224378081921,81.0,82.6
300,15,0.05,utilization,86.0,1989254.39683492,1639834.3426398202,17.565378000473856,812.604777197907,81.0,90.0
300,15,0.1,degree_product,171.0,1989254.39683492,1983313.2460805443,0.2986621904080617,6.948714332603332,81.0,79.0
300,15,0.1,early_price_50,171.0,1989254.39683492,1638450.6355401578,17.63493708260352,410.29679683597936,81.0,83.0
300,15,0.1,exact_dual,171.0,1989254.39683492,1636000.6795595647,17.758096593246865,413.1622424273164,81.0,88.0
300,15,0.1,random,171.0,1989254.39683492,1955402.0544734255,1.7017603387156945,39.59338287894127,81.0,83.4
300,15,0.1,utilization,171.0,1989254.39683492,1596122.711592756,19.76276568083356,459.80314063411015,81.0,67.0
300,16,0.05,degree_product,86.0,1660448.1555787884,1656337.194120033,0.2475814402842618,9.560375485477731,120.0,112.0
300,16,0.05,early_price_50,86.0,1660448.1555787884,1303264.5120474277,21.511279489895077,830.6596361194439,120.0,109.0
300,16,0.05,exact_dual,86.0,1660448.1555787884,1256651.961730684,24.31850657254347,939.0609159258242,120.0,82.0
300,16,0.05,random,86.0,1660448.1555787884,1632945.949000002,1.6563122724659816,63.9586199506663,120.0,113.8
300,16,0.05,utilization,86.0,1660448.1555787884,1295892.0957430007,21.95528108546774,847.8047903157852,120.0,90.0
300,16,0.1,degree_product,171.0,1660448.1555787884,1650405.5995347432,0.6048099731571907,11.745679583678523,120.0,111.0
300,16,0.1,early_price_50,171.0,1660448.1555787884,1239452.538720739,25.354336745991407,492.39253433689976,120.0,84.0
300,16,0.1,exact_dual,171.0,1660448.1555787884,1218424.1799962209,26.620763442535164,516.9871059445234,120.0,67.0
300,16,0.1,random,171.0,1660448.1555787884,1593328.4922244733,4.042261911569221,78.50253023896492,120.0,110.5
300,16,0.1,utilization,171.0,1660448.1555787884,1194321.1852023418,28.07235918871355,545.1777431303469,120.0,60.0
300,17,0.05,degree_product,86.0,2049691.0518471643,2043258.536065464,0.3138285536204696,14.95933902720964,105.0,107.0
300,17,0.05,early_price_50,86.0,2049691.0518471643,1815529.3686866704,11.424242836473786,544.5620538616135,105.0,89.0
300,17,0.05,exact_dual,86.0,2049691.0518471643,1746219.4429508322,14.805724434560322,705.7479276658886,105.0,88.0
300,17,0.05,random,86.0,2049691.0518471643,2030032.0208204177,0.9591216690451942,45.71867680638725,105.0,103.4
300,17,0.05,utilization,86.0,2049691.0518471643,1787889.0921084012,12.77275224004268,608.8417668343327,105.0,85.0
300,17,0.1,degree_product,171.0,2049691.0518471643,2033882.4597442264,0.7712670691854525,18.489581406945145,105.0,100.0
300,17,0.1,early_price_50,171.0,2049691.0518471643,1728604.5398720694,15.665117515429188,375.5397800878303,105.0,79.0
300,17,0.1,exact_dual,171.0,2049691.0518471643,1709052.0081221322,16.619043314749856,398.4082382748914,105.0,81.0
300,17,0.1,random,171.0,2049691.0518471643,2015607.8198697004,1.6628472835819958,39.86342921340797,105.0,102.7
300,17,0.1,utilization,171.0,2049691.0518471643,1670652.655361703,18.492464810434495,443.3197619713001,105.0,67.0
300,18,0.05,degree_product,86.0,2471926.7582732188,2397586.6309922864,3.007375806428148,172.8840169324009,102.0,99.0
300,18,0.05,early_price_50,86.0,2471926.7582732188,2168172.9300095,12.288140303797205,706.404251776091,102.0,117.0
300,18,0.05,exact_dual,86.0,2471926.7582732188,2045706.9464534333,17.242412639989556,991.2088646971756,102.0,87.0
300,18,0.05,random,86.0,2471926.7582732188,2448533.578299424,0.946354089800623,54.40274412510364,102.0,103.6
300,18,0.05,utilization,86.0,2471926.7582732188,2098655.707995618,15.100408983733464,868.0722099479082,102.0,90.0
300,18,0.1,degree_product,171.0,2471926.7582732188,2383357.4708785694,3.5830061347173583,103.58980981830334,102.0,97.0
300,18,0.1,early_price_50,171.0,2471926.7582732188,2065844.7195564243,16.427753668578173,474.94975288513945,102.0,106.0
300,18,0.1,exact_dual,171.0,2471926.7582732188,2013507.062154216,18.54503555110325,536.1633872736871,102.0,87.0
300,18,0.1,random,171.0,2471926.7582732188,2418759.2294897125,2.1508537259674703,62.1842441912356,102.0,104.3
300,18,0.1,utilization,171.0,2471926.7582732188,1969249.000652456,20.335463255064703,587.9272018956287,102.0,74.0
300,19,0.05,degree_product,86.0,1849706.5946411933,1848153.764305828,0.0839500891581579,3.6112333380595545,112.0,112.0
300,19,0.05,early_price_50,86.0,1849706.5946411933,1614443.174150512,12.718958843108744,547.1242336992597,112.0,109.0
300,19,0.05,exact_dual,86.0,1849706.5946411933,1476957.467910895,20.15179746940378,866.858434256509,112.0,81.0
300,19,0.05,random,86.0,1849706.5946411933,1827145.5716943003,1.2197081965461565,52.467495225333536,112.0,110.7
300,19,0.05,utilization,86.0,1849706.5946411933,1503075.4447942255,18.73979099448513,806.1189531324837,112.0,77.0
300,19,0.1,degree_product,171.0,1849706.5946411933,1831343.1204556432,0.9927776782951084,21.47774758543901,112.0,106.0
300,19,0.1,early_price_50,171.0,1849706.5946411933,1473705.8622841043,20.327587815624664,439.76693842934407,112.0,86.0
300,19,0.1,exact_dual,171.0,1849706.5946411933,1437590.673046135,22.280069865621066,482.0069258421733,112.0,69.0
300,19,0.1,random,171.0,1849706.5946411933,1809512.8784921535,2.172977934202422,47.01019432636277,112.0,105.7
300,19,0.1,utilization,171.0,1849706.5946411933,1410274.559071823,23.756850780683493,513.9555971571584,112.0,67.0
