nodes,fraction,policy,n,mean,sd,median,lo,hi,min,max
70,0.05,degree_product,20,0.7063690789109279,1.4401124244195185,0.1146150605572613,0.03237571741827561,1.3803624404035801,0.0,6.24209125430697
70,0.05,early_price_50,20,17.253680384879694,8.52454367154675,16.129037266351666,13.264071138440059,21.24328963131933,5.878653119282352,37.88599787995908
70,0.05,exact_dual,20,18.64501490611102,8.621413909640673,17.948123143697256,14.6100689926901,22.679960819531935,4.978707257181675,38.32877162763434
70,0.05,random,20,1.2407034973735551,0.7442615669524063,1.119002465618204,0.8923783618951654,1.589028632851945,0.1725545355168938,3.269989503727836
70,0.05,utilization,20,17.8718088762597,7.469570124317906,18.933263609792036,14.375942448315088,21.367675304204308,6.820617129635968,38.59919416716176
70,0.1,degree_product,20,1.3322980104083242,1.6351190985991617,0.758776431307661,0.5670387160515634,2.097557304765085,0.0,6.396258825988308
70,0.1,early_price_50,20,21.27395210239025,9.528001945494225,21.856107058091414,16.81470992750193,25.73319427727857,7.166903246618239,43.34020549345082
70,0.1,exact_dual,20,20.43095620001462,9.120271398249931,19.841758892078516,16.162537795174106,24.699374604855134,5.523714129836062,43.249218349539696
70,0.1,random,20,2.0177424921478826,0.9867695407262966,2.0571578920263818,1.5559201312716082,2.479564853024157,0.3684268420248903,4.4713521055322385
70,0.1,utilization,20,22.48562965440379,9.46750428277174,21.595280199492457,18.054701257224327,26.916558051583255,6.852297048601145,43.88993299005065
150,0.05,degree_product,20,0.6810897253818637,0.8020919078205484,0.36772778796477923,0.30569915724900887,1.0564802935147186,0.0,2.709675363351588
150,0.05,early_price_50,20,17.580989061584688,4.399059055643028,16.570474930475246,15.522166048851744,19.639812074317632,10.885164120943587,26.644736393338277
150,0.05,exact_dual,20,21.35936450132789,4.718533377274804,22.974993756309914,19.151022903590043,23.567706099065735,13.677634305916849,31.297005234423985
150,0.05,random,20,1.1377218619432734,0.505807676697669,1.0037365779315623,0.9009965823709752,1.3744471415155717,0.4792939940906624,2.1682415467268763
150,0.05,utilization,20,19.071217631351868,4.478025963453932,18.769073728042983,16.975436968132986,21.16699829457075,11.259169912303545,28.90476385630945
150,0.1,degree_product,20,1.4480159237707224,1.304359605351673,0.7490751630094549,0.8375568373139385,2.0584750102275065,0.1221071637989494,4.1220771538236365
150,0.1,early_price_50,20,22.76820968234609,4.816378475268558,23.28387271354235,20.5140751691496,25.02234419554258,15.206752975353035,32.43328206130591
150,0.1,exact_dual,20,23.536641321440175,5.269248290623857,24.57877525776567,21.070557210424674,26.002725432455676,14.832358903044351,33.90148517235231
150,0.1,random,20,2.413738394098919,1.0889428035408129,2.501763324745283,1.9040974742745225,2.923379313923316,0.6701980388379967,5.215937115487118
150,0.1,utilization,20,25.132178003390813,5.006825622325012,25.556226839301175,22.78891148171033,27.475444525071296,16.050085460700096,34.86974289924732
300,0.05,degree_product,20,1.0612835094253639,0.9868450354491808,0.7048312660630824,0.599425815931171,1.5231412029195568,0.0151677824905046,3.007375806428148
300,0.05,early_price_50,20,14.394790638247823,3.281072579239833,13.965592573764258,12.859201402654218,15.930379873841428,7.800810780446368,21.511279489895077
300,0.05,exact_dual,20,19.579613922937646,3.6239519963807774,19.518412766139342,17.883552180457215,21.275675665418078,11.025671492399823,25.76512316263421
300,0.05,random,20,1.1460742729633568,0.4081969284600255,1.1012716282946298,0.9550322297877036,1.33711631613901,0.4994135829140031,2.3224915372184545
300,0.05,utilization,20,17.804528523195813,3.6274715592314504,18.094772672780827,16.106819574596965,19.50223747179466,10.963541327612354,24.928930119110863
300,0.1,degree_product,20,1.7334887793132132,1.1629081330473874,1.2798009321442527,1.1892310197041431,2.2777465389222833,0.2986621904080617,3.588344026385033
300,0.1,early_price_50,20,20.211775353904187,4.055318595537885,20.40246689924313,18.313827828569863,22.10972287923851,11.595415101325443,27.07498213885956
300,0.1,exact_dual,20,21.34965928063754,4.044099586479736,21.5262949018213,19.45696241316818,23.242356148106897,11.594187147824105,28.18745596423291
300,0.1,random,20,2.2984188619153083,0.6981698173013933,2.115199937347641,1.971665329290693,2.6251723945399235,1.4718186478237278,4.042261911569221
300,0.1,utilization,20,23.10741599257414,3.9876884395997023,23.388549518498582,21.24112035452731,24.97371163062097,14.048783908524202,30.54257258535411
