n,seed,iteration,best_lower_bound,exact_objective,relative_gap,spearman,top5_overlap,mae,violation,seconds
70,0,5,119874.0,229767.30823232088,0.47828087066766806,0.5199871544583572,0.4,586.9277735523068,43.280115824202085,0.005900280999412644
70,0,10,119874.0,229767.30823232088,0.47828087066766806,0.5071507016673034,0.5,563.2863737302293,10.914585460794381,0.010830391000126838
70,0,20,119874.0,229767.30823232088,0.47828087066766806,0.5618963505534087,0.55,343.2720019597506,21.91348702299183,0.01949631900060922
70,0,50,119874.0,229767.30823232088,0.47828087066766806,0.558280636459602,0.65,184.9667662476579,26.80850230175563,0.04854537299979711
70,1,5,100921.0,323176.93178194354,0.6877221420367522,0.4289815095603237,0.25,795.8075787782118,39.96505668803929,0.005315181999321794
70,1,10,100921.0,323176.93178194354,0.6877221420367522,0.4614789547513737,0.4,714.187716761762,10.574618622349192,0.010191692999796942
70,1,20,100921.0,323176.93178194354,0.6877221420367522,0.5133921903748186,0.45,474.1867568622722,25.18179485450684,0.020030171999678714
70,1,50,100921.0,323176.93178194354,0.6877221420367522,0.6276563070997709,0.7,274.10702211124146,9.884997278722263,0.045207797000330174
70,2,5,113073.0,181820.12743304926,0.37810515482321216,0.6673147033465646,0.55,275.11422918400234,62.79043318933471,0.007255534001160413
70,2,10,113073.0,181820.12743304926,0.37810515482321216,0.44336202611374703,0.45,294.54442490323555,38.967148862315454,0.01375138900039019
70,2,20,113073.0,181820.12743304926,0.37810515482321216,0.5392794880068643,0.6,168.61762562186638,10.926471082221248,0.023850154000683688
70,2,50,146308.0119858274,181820.12743304926,0.1953145449218668,0.7027695708591769,0.7,60.19297521737768,45.63626714235402,0.05688865200136206
70,3,5,72785.0,153619.57408699958,0.526199701876666,0.5403405374549796,0.45,526.4888273489896,37.455172333868674,0.005136477000633022
70,3,10,72785.0,153619.57408699958,0.526199701876666,0.42639615376532414,0.4,521.0143289707531,9.724035281279875,0.010360653999669012
70,3,20,72785.0,153619.57408699958,0.526199701876666,0.5529406073767913,0.45,276.96186838608185,9.92397689551564,0.018806985000992427
70,3,50,78098.5682135984,153619.57408699958,0.49161056670181413,0.5816115391798132,0.5,87.53848750250658,6.401524323127604,0.04384569499961799
70,4,5,195275.0,326877.760833747,0.40260542809053734,0.4400757750936329,0.35,827.2594504477919,56.06120186728751,0.005014405000110855
70,4,10,195275.0,326877.760833747,0.40260542809053734,0.4669333468604287,0.5,772.7642760684928,40.032553201563694,0.009618240999770933
70,4,20,195275.0,326877.760833747,0.40260542809053734,0.5028329676609872,0.5,542.9080978087303,28.083190235511676,0.018009490999247646
70,4,50,195275.0,326877.760833747,0.40260542809053734,0.6196924845707563,0.65,301.3583137850247,11.48341373596166,0.043087637999633444
70,5,5,50800.0,105771.7289945884,0.519720434913198,0.3882855926206869,0.35,414.8065114009835,41.26482616078441,0.005204408000281546
70,5,10,50800.0,105771.7289945884,0.519720434913198,0.47923795898730415,0.45,341.3052105404042,41.26482616078441,0.00981841899920255
70,5,20,50800.0,105771.7289945884,0.519720434913198,0.5026027542243471,0.55,204.24176221280916,13.26482616078441,0.018260064000060083
70,5,50,55133.52642811186,105771.7289945884,0.47874988002765223,0.6476030256264628,0.65,70.4250423212307,10.116808868690562,0.04337046900036512
70,6,5,204363.0,302492.25782905356,0.3244025435008291,0.5228357508986334,0.35,603.2273113024966,50.483375738831285,0.005106444001285126
70,6,10,204363.0,302492.25782905356,0.3244025435008291,0.4885358906522017,0.3,562.0303110558048,33.73920950996367,0.00983658900076989
70,6,20,204363.0,302492.25782905356,0.3244025435008291,0.4846479314526611,0.3,367.7366672202547,18.60506065342053,0.020141864000834175
70,6,50,204363.0,302492.25782905356,0.3244025435008291,0.5941937715346934,0.45,193.71610626535426,25.398343136534557,0.045140031001210446
70,7,5,187802.0,380750.65270820184,0.5067585605849849,0.5805201485409677,0.55,939.8389631025487,77.19392761054765,0.005395509000663878
70,7,10,187802.0,380750.65270820184,0.5067585605849849,0.5387925419578747,0.5,898.2087796720875,19.063440104797472,0.010065383001347072
70,7,20,187802.0,380750.65270820184,0.5067585605849849,0.5630310742319482,0.45,632.2481015746503,8.123727392192787,0.018446551999659277
70,7,50,187802.0,380750.65270820184,0.5067585605849849,0.5982050487372282,0.45,397.5192213649258,11.960338491581716,0.04328222399999504
70,8,5,228561.0,275597.4308610623,0.1706707885995313,0.3128843359476978,0.15,289.24316965252024,26.950690952064075,0.005101273000036599
70,8,10,228561.0,275597.4308610623,0.1706707885995313,0.3009699914490856,0.15,242.87690671385027,11.175257833590049,0.009632952000174555
70,8,20,228561.0,275597.4308610623,0.1706707885995313,0.48554191914033634,0.45,109.16882256975641,11.154840481255555,0.01822791800077539
70,8,50,252259.44223679113,275597.4308610623,0.08468144478471798,0.626535943773694,0.55,35.649032933209206,11.68864628715283,0.043197217000852106
70,9,5,104370.0,136380.22400795488,0.2347130915849483,0.510608345346664,0.25,472.9756031421015,43.64614675837964,0.005207629999858909
70,9,10,104370.0,136380.22400795488,0.2347130915849483,0.46693243738320883,0.35,420.7247137490687,22.162889189451644,0.010014247000071919
70,9,20,104370.0,136380.22400795488,0.2347130915849483,0.501491416714161,0.35,217.17946221304916,9.65567203073955,0.018918940999355982
70,9,50,104370.0,136380.22400795488,0.2347130915849483,0.5878760592294108,0.6,85.41916960631468,9.34308598804368,0.04507917100090708
70,10,5,232075.0,371954.65712633904,0.37606642220056186,0.3400500445587864,0.2,507.6068691814122,47.9307287128797,0.00499792199843796
70,10,10,232075.0,371954.65712633904,0.37606642220056186,0.4241286396716569,0.2,471.4021435030425,26.773593765916388,0.010386443998868344
70,10,20,232075.0,371954.65712633904,0.37606642220056186,0.4188272142308115,0.2,299.2051865689795,25.226689292503806,0.019393708998904913
70,10,50,232075.0,371954.65712633904,0.37606642220056186,0.526951826869914,0.5,152.9566598671095,27.495792589465665,0.04411407699990377
70,11,5,223868.0,446687.7868447025,0.4988266825440854,0.5816179613653295,0.35,609.4863333016199,55.069610312195046,0.004933637001158786
70,11,10,223868.0,446687.7868447025,0.4988266825440854,0.5757131189709189,0.4,587.3369141804809,38.833414395054675,0.009482491001108428
70,11,20,223868.0,446687.7868447025,0.4988266825440854,0.605297160772036,0.6,370.8994576538309,42.94592744682848,0.017969093001738656
70,11,50,284367.8555629469,446687.7868447025,0.3633856489078098,0.6761766768454343,0.75,187.2679732741108,32.7807555698919,0.04273430800094502
70,12,5,131851.0,180267.8216824696,0.26858271892669106,0.6010885228675713,0.4,250.87038893183257,35.573945725668786,0.004920066001432133
70,12,10,131851.0,180267.8216824696,0.26858271892669106,0.45272019789047835,0.4,208.40170233149024,22.37746613647913,0.009733283000969095
70,12,20,131851.0,180267.8216824696,0.26858271892669106,0.5630866778650878,0.4,113.67468531485524,4.930172695554379,0.018554963000497082
70,12,50,158116.6240797224,180267.8216824696,0.12287937689603388,0.701936785599879,0.6,38.29178943095216,4.930172695554379,0.04588475600030506
70,13,5,213503.0,316905.4110462451,0.3262879314836182,0.39937304911356386,0.25,599.5482795576958,62.793583977577676,0.005519305001143948
70,13,10,213503.0,316905.4110462451,0.3262879314836182,0.3233878724904828,0.3,557.1104135384038,49.50589609131451,0.010285884000040824
70,13,20,213503.0,316905.4110462451,0.3262879314836182,0.44195198933294144,0.3,351.13441519512725,7.578715461903551,0.018913605001216638
70,13,50,238255.47575801244,316905.4110462451,0.2481811056131051,0.5264106394945699,0.55,107.97056650253572,18.721823125719737,0.043502497999725165
70,14,5,134291.0,198396.18862072378,0.3231170370075727,0.3805556619368377,0.4,523.8970717434969,43.08159522766957,0.006429848001062055
70,14,10,134291.0,198396.18862072378,0.3231170370075727,0.4808942987049149,0.35,477.00208311269694,44.641636015841364,0.011387329001081525
70,14,20,134291.0,198396.18862072378,0.3231170370075727,0.504471262066163,0.45,307.40563432852326,18.08159522766957,0.020020979000037187
70,14,50,134291.0,198396.18862072378,0.3231170370075727,0.6748586741923484,0.6,158.91334861395939,9.66898310261131,0.046271109000372235
70,15,5,270129.0,353320.50763793674,0.23545620998367517,0.6105711125650747,0.6,303.52266614421757,30.03165557104873,0.005169084999579354
70,15,10,270129.0,353320.50763793674,0.23545620998367517,0.5860430691613345,0.5,230.44316309861762,7.4625216942486166,0.0096728329990583
70,15,20,270129.0,353320.50763793674,0.23545620998367517,0.5873743468678081,0.65,140.17510852495124,31.551439723213285,0.018478017998859286
70,15,50,305406.3128084468,353320.50763793674,0.13561113434884375,0.6927092234858144,0.75,60.19124151979387,18.727125196786503,0.044363727000018116
70,16,5,300703.0,520684.14663731144,0.4224848174425826,0.4849106231703257,0.5,911.1979567805856,49.078613597221626,0.005004532000384643
70,16,10,300703.0,520684.14663731144,0.4224848174425826,0.43665675458036185,0.5,757.5162993484155,37.07388368964893,0.00959571900057199
70,16,20,300703.0,520684.14663731144,0.4224848174425826,0.4671673363637996,0.55,487.6024746309693,29.080250097443155,0.018918723000751925
70,16,50,355762.47671385866,520684.14663731144,0.3167403328650428,0.6313114189668354,0.65,198.3268175515889,12.164402380144017,0.043881902000066475
70,17,5,185660.0,365670.9346072486,0.492275752790116,0.5454226408928272,0.6,550.9929589384795,13.583026501031533,0.005099914000311401
70,17,10,185660.0,365670.9346072486,0.492275752790116,0.5398020334401848,0.6,424.0476770129669,6.27419968505434,0.009973631000320893
70,17,20,185660.0,365670.9346072486,0.492275752790116,0.5336417682261343,0.6,255.5468402461217,8.527900803118035,0.01830858700122917
70,17,50,280481.05451925006,365670.9346072486,0.23296869405138068,0.6282755252378044,0.65,132.69131481692986,11.929375296018899,0.04172854399985226
70,18,5,167295.0,284291.0753626664,0.4115362229131394,0.4551780569614505,0.35,422.8742766306883,22.681298386873635,0.0057023379995371215
70,18,10,167295.0,284291.0753626664,0.4115362229131394,0.5444104847895451,0.5,367.38951497458703,20.588901138785968,0.010532771000725916
70,18,20,167295.0,284291.0753626664,0.4115362229131394,0.6025273127689096,0.7,202.06210188327705,10.704465197087318,0.01964429100007692
70,18,50,232399.41748879175,284291.0753626664,0.18253002774595417,0.6865717578169378,0.75,70.58343012811197,11.597604394683053,0.04561823000040022
70,19,5,307847.0,517430.0303068207,0.4050461280388851,0.5215687608816344,0.4,921.318400206123,45.386315703897026,0.005310074999215431
70,19,10,307847.0,517430.0303068207,0.4050461280388851,0.44996788859364056,0.4,808.0486163981848,9.535180742253466,0.010942458999124938
70,19,20,307847.0,517430.0303068207,0.4050461280388851,0.5317432718220906,0.55,638.2474682654873,37.78551817212005,0.020974054999896907
70,19,50,307847.0,517430.0303068207,0.4050461280388851,0.5993918816034043,0.65,475.02930357594,19.49802136530898,0.051675574999535456
150,0,5,353869.0,930075.0642775226,0.6195264085755449,0.4360425738039538,0.27906976744186046,941.8672383941671,121.17255076514957,0.008302639000248746
150,0,10,353869.0,930075.0642775226,0.6195264085755449,0.4303799285931686,0.3023255813953488,1022.1267994425282,100.82396075561897,0.016445891000330448
150,0,20,353869.0,930075.0642775226,0.6195264085755449,0.4390758332623048,0.3023255813953488,884.5058093346065,42.059363539259124,0.03060497800106532
150,0,50,353869.0,930075.0642775226,0.6195264085755449,0.6016567160132171,0.3953488372093023,589.8350871720015,23.777790964185847,0.07273391200033075
150,1,5,517299.0,1042681.0353557997,0.5038760824651622,0.4499186883077098,0.37209302325581395,931.2250401056432,101.11514336818803,0.009250885999790626
150,1,10,517299.0,1042681.0353557997,0.5038760824651622,0.4062662420676884,0.37209302325581395,977.3684313203458,102.07424480561633,0.01680895899880852
150,1,20,517299.0,1042681.0353557997,0.5038760824651622,0.40718771671426046,0.4186046511627907,750.8656223744565,58.07424480561634,0.03155829199931759
150,1,50,517299.0,1042681.0353557997,0.5038760824651622,0.48971990344235306,0.4418604651162791,409.4189703728802,54.11514336818803,0.07637109899951611
150,2,5,230010.0,491831.37629727554,0.5323397182757693,0.44856491558897726,0.4418604651162791,744.3005504174398,103.8382353520822,0.008158893999279826
150,2,10,230010.0,491831.37629727554,0.5323397182757693,0.4081533549063826,0.37209302325581395,804.2749551112731,111.30276905382874,0.015593481999530923
150,2,20,230010.0,491831.37629727554,0.5323397182757693,0.4109451205414214,0.4418604651162791,645.7040382023154,58.838235352082194,0.031014619000416133
150,2,50,230010.0,491831.37629727554,0.5323397182757693,0.5032003041290041,0.46511627906976744,372.5869828874417,38.838235352082194,0.07341308099967137
150,3,5,558332.0,1206550.983543756,0.5372495587711301,0.38768040854126695,0.3488372093023256,1004.9483551059042,173.86500892084598,0.00821783100036555
150,3,10,558332.0,1206550.983543756,0.5372495587711301,0.3861551888928611,0.3488372093023256,1171.1930761568842,167.77837432098357,0.015582145999360364
150,3,20,558332.0,1206550.983543756,0.5372495587711301,0.43201441623910175,0.3953488372093023,1008.3731245462455,93.71676527425933,0.029948235998745076
150,3,50,558332.0,1206550.983543756,0.5372495587711301,0.5453378703362228,0.3953488372093023,623.7108495312006,60.12909739245711,0.07096642899887229
150,4,5,462868.0,1380845.8074571649,0.6647938549689527,0.41455535178132846,0.4186046511627907,1161.939690737684,164.8474854893819,0.00925671400000283
150,4,10,462868.0,1380845.8074571649,0.6647938549689527,0.4633792687239015,0.46511627906976744,1330.4377282424587,157.85798210053582,0.01686559399968246
150,4,20,462868.0,1380845.8074571649,0.6647938549689527,0.46881810816013997,0.46511627906976744,1165.061442994599,85.91441839532274,0.032615223000902915
150,4,50,462868.0,1380845.8074571649,0.6647938549689527,0.5402065126404569,0.5116279069767442,763.9056931367137,77.18439043368468,0.07684796200010169
150,5,5,310395.0,890992.1784091023,0.6516299384869785,0.43935948899208743,0.37209302325581395,1015.2504848394512,153.69994328231513,0.009225035999406828
150,5,10,310395.0,890992.1784091023,0.6516299384869785,0.4918499134994699,0.37209302325581395,1091.560866106733,146.42276132414125,0.018556830000306945
150,5,20,310395.0,890992.1784091023,0.6516299384869785,0.5173725848794951,0.3953488372093023,949.6555371472228,154.36933632798755,0.03473921499971766
150,5,50,310395.0,890992.1784091023,0.6516299384869785,0.630363501206302,0.4418604651162791,620.2733375212863,23.6346290536885,0.08040641400111781
150,6,5,668274.0,1279349.3714998637,0.47764542283196704,0.43833107274724215,0.37209302325581395,1089.79419615626,148.157479860565,0.008297419000882655
150,6,10,668274.0,1279349.3714998637,0.47764542283196704,0.4410049601270012,0.3953488372093023,1218.2103075223806,94.82644276971921,0.01625993000016024
150,6,20,668274.0,1279349.3714998637,0.47764542283196704,0.48327954764350883,0.4186046511627907,987.5886580255097,65.26085737105265,0.031138579000980826
150,6,50,668274.0,1279349.3714998637,0.47764542283196704,0.576795309237627,0.4418604651162791,692.4655161229176,53.18851531688615,0.07441196400031913
150,7,5,477187.0,1124625.9110942984,0.5756926856365232,0.3625493932417525,0.3488372093023256,806.8475031959496,130.76700889226925,0.008130303998768795
150,7,10,477187.0,1124625.9110942984,0.5756926856365232,0.4165062792792272,0.3953488372093023,846.1612566457894,110.6800541345655,0.015917749999061925
150,7,20,477187.0,1124625.9110942984,0.5756926856365232,0.46850534879724476,0.4418604651162791,657.6571651800203,65.80342422457082,0.030289053998785676
150,7,50,477187.0,1124625.9110942984,0.5756926856365232,0.5552563910526582,0.5116279069767442,381.40649697208505,61.564337940722254,0.07155970199892181
150,8,5,627250.0,1282884.6349478879,0.5110628166300553,0.404192342692997,0.27906976744186046,998.269581639067,96.21617825444733,0.008321933999468456
150,8,10,627250.0,1282884.6349478879,0.5110628166300553,0.49271718367083955,0.4418604651162791,978.3970769468493,89.24481563932366,0.015765694999572588
150,8,20,627250.0,1282884.6349478879,0.5110628166300553,0.46520423449915776,0.4883720930232558,840.6128464142266,79.22008961973307,0.029662053999345517
150,8,50,627250.0,1282884.6349478879,0.5110628166300553,0.6121178130269412,0.5813953488372093,545.1294571353196,35.24481563932366,0.07266297000023769
150,9,5,221675.0,926935.7842966218,0.7608518262479081,0.43047755426975726,0.27906976744186046,1191.9893093331025,129.79915085005348,0.009134570000242093
150,9,10,221675.0,926935.7842966218,0.7608518262479081,0.4386198329296981,0.3488372093023256,1264.5464851822737,148.32246084813144,0.01829243500105804
150,9,20,221675.0,926935.7842966218,0.7608518262479081,0.4410636605800993,0.4186046511627907,1120.277361809205,100.28588879644624,0.03501074400082871
150,9,50,221675.0,926935.7842966218,0.7608518262479081,0.5429288778328558,0.46511627906976744,727.7412287192822,89.86819403676847,0.08400127200002316
150,10,5,309689.0,869434.8061353018,0.64380423027163,0.42446793699923524,0.3023255813953488,792.2004148205625,141.86093571488408,0.007779093999488396
150,10,10,309689.0,869434.8061353018,0.64380423027163,0.4350688459263177,0.3488372093023256,870.4518277055047,141.86093571488408,0.016185389999009203
150,10,20,309689.0,869434.8061353018,0.64380423027163,0.4428842140569847,0.46511627906976744,744.9999047250739,90.32946501849958,0.03012715200020466
150,10,50,309689.0,869434.8061353018,0.64380423027163,0.5759855757663571,0.5813953488372093,465.58463925023847,35.531266924946785,0.07251170599920442
150,11,5,365229.0,857647.3705398203,0.5741501547773444,0.40778031103119877,0.32558139534883723,950.3886207084108,108.64218247077245,0.009029744998770184
150,11,10,365229.0,857647.3705398203,0.5741501547773444,0.44610338713005393,0.46511627906976744,944.5444774078998,108.46345228048088,0.01708266899913724
150,11,20,365229.0,857647.3705398203,0.5741501547773444,0.3894031517940718,0.4418604651162791,796.6857617272534,32.62322969180803,0.031851443000050494
150,11,50,365229.0,857647.3705398203,0.5741501547773444,0.5237957146402503,0.5116279069767442,420.26989528208907,29.693993768064786,0.0808156279999821
150,12,5,485238.0,935444.2801418093,0.4812753572810985,0.47831045601742206,0.4418604651162791,782.7089521745794,142.86105481764994,0.008416855000177748
150,12,10,485238.0,935444.2801418093,0.4812753572810985,0.38724782218497245,0.4186046511627907,770.5483095677992,98.86105481764994,0.016167981000762666
150,12,20,485238.0,935444.2801418093,0.4812753572810985,0.40846004423214544,0.3953488372093023,572.5801109849649,55.1781132337997,0.030179409999618656
150,12,50,485238.0,935444.2801418093,0.4812753572810985,0.5174674504561383,0.5116279069767442,329.9079217727839,24.076689732146495,0.07722774200010463
150,13,5,375008.0,1021752.1657094794,0.6329755760883523,0.42764449555748696,0.32558139534883723,1258.6654291347627,125.5864745040297,0.00864411300062784
150,13,10,375008.0,1021752.1657094794,0.6329755760883523,0.4585991511041745,0.4186046511627907,1305.0214763075423,54.41710361053198,0.016502529000717914
150,13,20,375008.0,1021752.1657094794,0.6329755760883523,0.46580998279407554,0.4418604651162791,1142.7375242888384,153.23932133086223,0.031097675000637537
150,13,50,375008.0,1021752.1657094794,0.6329755760883523,0.5104596481298225,0.4418604651162791,769.8271295532098,60.446861681577005,0.07330821799951082
150,14,5,415990.0,1035105.9927781938,0.5981184507651287,0.45347967930112065,0.3953488372093023,1114.6282396195415,98.59549716282538,0.008020978000786272
150,14,10,415990.0,1035105.9927781938,0.5981184507651287,0.4101431592172786,0.4186046511627907,1181.4450363584438,78.04612086964659,0.015436035000675474
150,14,20,415990.0,1035105.9927781938,0.5981184507651287,0.4319225622105288,0.46511627906976744,1093.3350473642665,117.36698861461576,0.029535085001043626
150,14,50,415990.0,1035105.9927781938,0.5981184507651287,0.57299013338384,0.4883720930232558,737.1934967420153,16.824026082369905,0.07192520399985369
150,15,5,350392.0,791315.9209809407,0.557203399161181,0.44361455676291556,0.32558139534883723,1070.4873562158923,110.71493148151254,0.008057712000663741
150,15,10,350392.0,791315.9209809407,0.557203399161181,0.4222502473597542,0.32558139534883723,1165.5765319743073,114.69152726125859,0.0161173360011162
150,15,20,350392.0,791315.9209809407,0.557203399161181,0.4722517091335141,0.37209302325581395,1022.1192882152438,70.71493148151254,0.03068802699999651
150,15,50,350392.0,791315.9209809407,0.557203399161181,0.5664862045380186,0.4186046511627907,676.9010649028844,44.0691919677842,0.0715348339999764
150,16,5,323765.0,854370.8245400725,0.6210486235010539,0.41339303441049635,0.32558139534883723,1039.9357787219542,116.20559014734226,0.008919210000385647
150,16,10,323765.0,854370.8245400725,0.6210486235010539,0.4342680978014787,0.32558139534883723,1061.4253691543056,77.48696905421305,0.017188075000376557
150,16,20,323765.0,854370.8245400725,0.6210486235010539,0.42977561283901144,0.4186046511627907,869.4390041894087,30.48696905421305,0.03261145100077556
150,16,50,323765.0,854370.8245400725,0.6210486235010539,0.5638415246262412,0.46511627906976744,539.4771111890497,71.48696905421305,0.07972340700143832
150,17,5,523031.0,969261.86204793,0.4603821521514316,0.5226331808682719,0.37209302325581395,1485.5542095119126,62.26772182048943,0.008189316999050789
150,17,10,523031.0,969261.86204793,0.4603821521514316,0.49222977606703383,0.3488372093023256,1517.45719750997,115.87821165758433,0.015627629998562043
150,17,20,523031.0,969261.86204793,0.4603821521514316,0.46299635588460114,0.3488372093023256,1341.992224542514,47.97039702170642,0.0308660399987275
150,17,50,523031.0,969261.86204793,0.4603821521514316,0.5902112176148949,0.4186046511627907,959.9039349891912,29.30214346990421,0.0717761599989899
150,18,5,356024.0,927560.7491826863,0.6161717706212687,0.4884840149460859,0.5116279069767442,771.9965909081218,87.7134190594602,0.008363024999198387
150,18,10,356024.0,927560.7491826863,0.6161717706212687,0.4288363903074402,0.5116279069767442,802.9945814494888,140.973567378945,0.015998158998627332
150,18,20,356024.0,927560.7491826863,0.6161717706212687,0.4215669280471045,0.4883720930232558,659.573193249852,70.973567378945,0.03147852899928694
150,18,50,356024.0,927560.7491826863,0.6161717706212687,0.555630378243329,0.627906976744186,300.3774872146127,25.912519488207046,0.07441736100008711
150,19,5,527182.0,1175174.6875548651,0.5514011613908357,0.44996239049221826,0.27906976744186046,973.6849218039685,111.16267645822191,0.008232419999330887
150,19,10,527182.0,1175174.6875548651,0.5514011613908357,0.4721570846875308,0.3953488372093023,989.1234101152992,72.16267645822191,0.015565943998808507
150,19,20,527182.0,1175174.6875548651,0.5514011613908357,0.521907828278845,0.3953488372093023,769.9007412407649,72.34475499121784,0.03101397299906239
150,19,50,527182.0,1175174.6875548651,0.5514011613908357,0.6216676399111718,0.5813953488372093,438.39376820640945,23.907808310148955,0.07336332100021536
300,0,5,628473.0,1294161.2275254633,0.5143781264397101,0.40441415754764765,0.36046511627906974,840.5474074102809,163.53899353563747,0.013826722000885638
300,0,10,628473.0,1294161.2275254633,0.5143781264397101,0.44192411044605123,0.36046511627906974,840.4001115803457,211.53899353563747,0.02747015200111491
300,0,20,628473.0,1294161.2275254633,0.5143781264397101,0.4406641234869046,0.3488372093023256,832.5171450376713,226.53899353563747,0.053334922000431106
300,0,50,628473.0,1294161.2275254633,0.5143781264397101,0.5128509231307624,0.43023255813953487,546.4103273188014,145.53899353563747,0.13051568800074165
300,1,5,761992.0,1853157.7053582564,0.5888142720952667,0.43648169284107347,0.26744186046511625,1108.812343654104,252.52372511696063,0.014300109000032535
300,1,10,761992.0,1853157.7053582564,0.5888142720952667,0.43056723251336004,0.3488372093023256,1292.2696178977365,257.29322254181506,0.027820982000775984
300,1,20,761992.0,1853157.7053582564,0.5888142720952667,0.426678430256693,0.36046511627906974,1228.9721613429524,126.0591548382518,0.0550043059993186
300,1,50,761992.0,1853157.7053582564,0.5888142720952667,0.5536453481495046,0.4186046511627907,840.0298080263113,104.15771786730569,0.129959666999639
300,2,5,780170.0,1979433.008440517,0.6058618823303085,0.4460823020603665,0.26744186046511625,1014.6227069459937,256.24208334388317,0.01509986700148147
300,2,10,780170.0,1979433.008440517,0.6058618823303085,0.49552238679784666,0.32558139534883723,1086.7891269203596,196.62573436369547,0.029661356000360684
300,2,20,780170.0,1979433.008440517,0.6058618823303085,0.49316823271835375,0.32558139534883723,1059.9397792204227,87.69873540631959,0.05605181000100856
300,2,50,780170.0,1979433.008440517,0.6058618823303085,0.5813360989301408,0.3953488372093023,699.9724291922865,111.59506960108071,0.13534003499989922
300,3,5,630909.0,2003272.2123786367,0.6850607740168901,0.4137685222219957,0.36046511627906974,1219.9945638198342,256.92883233371214,0.014581753001039033
300,3,10,630909.0,2003272.2123786367,0.6850607740168901,0.459974445854332,0.3488372093023256,1393.4424941814495,283.39588536830996,0.02814223099994706
300,3,20,630909.0,2003272.2123786367,0.6850607740168901,0.43629018862958097,0.4069767441860465,1416.7154798950264,256.5956702417701,0.05550542499986477
300,3,50,630909.0,2003272.2123786367,0.6850607740168901,0.4885819401832592,0.3953488372093023,1065.62737310192,147.28809824789778,0.13167215600151394
300,4,5,771400.0,2059590.0290809933,0.6254594413897967,0.43812783528394195,0.3372093023255814,787.3288247989715,269.96569426083306,0.013861601999451523
300,4,10,771400.0,2059590.0290809933,0.6254594413897967,0.39559173547117477,0.38372093023255816,882.6314352155923,191.66408055939473,0.02726631599944085
300,4,20,771400.0,2059590.0290809933,0.6254594413897967,0.41673673648477966,0.38372093023255816,877.1305040550379,135.83789001685824,0.05373367599895573
300,4,50,771400.0,2059590.0290809933,0.6254594413897967,0.5117485629146376,0.46511627906976744,566.1923041096788,145.66408055939473,0.12721858399891062
300,5,5,580337.0,2149884.8063517287,0.7300613510614974,0.34111359674460934,0.3488372093023256,1168.0371017909001,213.52928659500267,0.015166360000876011
300,5,10,580337.0,2149884.8063517287,0.7300613510614974,0.4069651158204495,0.3372093023255814,1247.7165450162968,213.52928659500267,0.029546953999670222
300,5,20,580337.0,2149884.8063517287,0.7300613510614974,0.4283155988447583,0.32558139534883723,1223.6050958693195,200.3750038230164,0.055834230999607826
300,5,50,580337.0,2149884.8063517287,0.7300613510614974,0.5161363770775003,0.4069767441860465,927.5959476303082,246.72259005272232,0.13438423799925658
300,6,5,1014855.0,2342745.4585013823,0.5668095326714722,0.3770676781727659,0.4069767441860465,1043.438790302982,274.16114353177915,0.013626324998767814
300,6,10,1014855.0,2342745.4585013823,0.5668095326714722,0.39105910349684314,0.37209302325581395,1236.0034443772659,237.2701200802573,0.027561266999327927
300,6,20,1014855.0,2342745.4585013823,0.5668095326714722,0.38875017585263605,0.4069767441860465,1168.4595601573676,256.7105010087744,0.05327687600038189
300,6,50,1014855.0,2342745.4585013823,0.5668095326714722,0.4775790567231033,0.4418604651162791,756.1093186944771,105.27012008025729,0.12856285899943032
300,7,5,1068134.0,2435158.653602937,0.5613698522600803,0.37290803214660045,0.32558139534883723,1027.0999627001413,257.0841008668574,0.014253065999582759
300,7,10,1068134.0,2435158.653602937,0.5613698522600803,0.39700456015064906,0.3488372093023256,1221.7308244300605,118.99604135187518,0.02789313200082688
300,7,20,1068134.0,2435158.653602937,0.5613698522600803,0.40897172402666543,0.3488372093023256,1133.842835865079,147.08410086685737,0.05358613799944578
300,7,50,1068134.0,2435158.653602937,0.5613698522600803,0.5020483625725377,0.3953488372093023,738.7008482075519,63.2266503220563,0.1266570200004935
300,8,5,586980.0,1637067.5041415996,0.6414442296881433,0.38305224102207575,0.3023255813953488,1322.126843773982,201.73346017614503,0.014643484999396605
300,8,10,586980.0,1637067.5041415996,0.6414442296881433,0.4136248321198514,0.36046511627906974,1427.0420101809316,262.74939131130634,0.028019458999551716
300,8,20,586980.0,1637067.5041415996,0.6414442296881433,0.4003386361947169,0.45348837209302323,1329.1123240967338,169.11576193568885,0.05631259300025704
300,8,50,586980.0,1637067.5041415996,0.6414442296881433,0.49229866239206704,0.45348837209302323,988.8211646337581,155.1586724497529,0.14679949899982603
300,9,5,908766.0,1646860.0379699338,0.4481826147653532,0.4596562607770407,0.3488372093023256,1041.8762163904075,270.7644456359875,0.018453197999406257
300,9,10,908766.0,1646860.0379699338,0.4481826147653532,0.4367490669462593,0.37209302325581395,1181.5267742920598,221.1336995649248,0.033273974999247
300,9,20,908766.0,1646860.0379699338,0.4481826147653532,0.431098561349202,0.3953488372093023,1165.3350806050883,61.037075206417484,0.060318374999042135
300,9,50,908766.0,1646860.0379699338,0.4481826147653532,0.4768240441202017,0.47674418604651164,751.5830990366252,57.319850891672814,0.13644399999975576
300,10,5,1211682.0,2536706.009176315,0.5223403911936011,0.40812945358570246,0.27906976744186046,1263.0915550927607,311.2809132154637,0.014880315999107552
300,10,10,1211682.0,2536706.009176315,0.5223403911936011,0.38995845621349695,0.3023255813953488,1448.2577367348115,275.1628417609605,0.02831564799998887
300,10,20,1211682.0,2536706.009176315,0.5223403911936011,0.38117245067623634,0.3023255813953488,1380.030509720319,110.68644978469999,0.0545477719988412
300,10,50,1211682.0,2536706.009176315,0.5223403911936011,0.43587495822629546,0.3372093023255814,894.1291179008905,69.10026227985377,0.14003686899923196
300,11,5,909807.0,2415425.062856845,0.6233346196532691,0.41278490020884145,0.3372093023255814,1227.985385873973,268.0202169772069,0.013658591999046621
300,11,10,909807.0,2415425.062856845,0.6233346196532691,0.4071774531795758,0.38372093023255816,1390.165085363977,236.02021697720696,0.0262767399999575
300,11,20,909807.0,2415425.062856845,0.6233346196532691,0.4171109749356059,0.38372093023255816,1329.5081995012893,122.02021697720696,0.05146685799991246
300,11,50,909807.0,2415425.062856845,0.6233346196532691,0.4719717257062764,0.4069767441860465,900.013694593618,173.15472809447232,0.12554209099835134
300,12,5,888897.0,2206033.8093374246,0.5970610258838338,0.4630321979487637,0.26744186046511625,1296.3878894720094,168.4674642897041,0.013390120999247301
300,12,10,888897.0,2206033.8093374246,0.5970610258838338,0.5011563944614585,0.29069767441860467,1356.1743176375446,268.20885141908076,0.02638079799908155
300,12,20,888897.0,2206033.8093374246,0.5970610258838338,0.468653207392417,0.32558139534883723,1315.8345830851829,149.4674642897041,0.05191479999848525
300,12,50,888897.0,2206033.8093374246,0.5970610258838338,0.5349820077108715,0.3372093023255814,934.5953149345208,237.21446186456598,0.1252171689993702
300,13,5,1102783.0,2433164.379649056,0.5467700377238556,0.3630468758665653,0.27906976744186046,1306.3592769312038,326.1349697810066,0.013783332999082631
300,13,10,1102783.0,2433164.379649056,0.5467700377238556,0.3702805025289708,0.3488372093023256,1441.280601610291,257.33312499056433,0.02756114899966633
300,13,20,1102783.0,2433164.379649056,0.5467700377238556,0.4187237749871178,0.3488372093023256,1310.1493897727946,205.33312499056436,0.05777196099916182
300,13,50,1102783.0,2433164.379649056,0.5467700377238556,0.47622267083201436,0.43023255813953487,888.1178889626727,71.08115734309219,0.13684598699910566
300,14,5,1134997.0,2880977.790866597,0.6060375739104211,0.38445212441463616,0.3023255813953488,1295.1731633479494,242.73303632446857,0.013981920001242543
300,14,10,1134997.0,2880977.790866597,0.6060375739104211,0.3709477694273624,0.27906976744186046,1446.825849339519,159.26065481836787,0.027570957001444185
300,14,20,1134997.0,2880977.790866597,0.6060375739104211,0.3805035807344024,0.3372093023255814,1325.4870990539944,256.1701989078064,0.05274533900046663
300,14,50,1134997.0,2880977.790866597,0.6060375739104211,0.4404949953169568,0.37209302325581395,929.9231880897113,54.20767884923253,0.1283130110005004
300,15,5,861882.0,1989254.3968349202,0.5667311323421828,0.42209791761227144,0.313953488372093,1048.9975903519041,229.16369586525084,0.014852543999950285
300,15,10,861882.0,1989254.3968349202,0.5667311323421828,0.35023040083812373,0.4069767441860465,1240.132159832823,232.69335328247607,0.029693730000872165
300,15,20,861882.0,1989254.3968349202,0.5667311323421828,0.37287270349586366,0.3953488372093023,1184.9621885156262,308.37058276206903,0.0579639590014267
300,15,50,861882.0,1989254.3968349202,0.5667311323421828,0.4493932169521913,0.4418604651162791,852.6255524467937,39.1892621962523,0.1443789740005741
300,16,5,789173.0,1660448.1555787884,0.5247228904145368,0.461485859604797,0.3953488372093023,951.5128069620517,288.4451620822904,0.01460575100099959
300,16,10,789173.0,1660448.1555787884,0.5247228904145368,0.4866204362038065,0.38372093023255816,1091.546246368599,199.98666858277264,0.028082888000426465
300,16,20,789173.0,1660448.1555787884,0.5247228904145368,0.4577514308916853,0.4069767441860465,1074.6894520057954,199.98666858277264,0.05473002500002622
300,16,50,789173.0,1660448.1555787884,0.5247228904145368,0.5303759564625672,0.43023255813953487,754.4487469075854,43.98666858277264,0.1328296550000232
300,17,5,1075673.0,2049691.0518471643,0.47520237304514135,0.41817836731683267,0.3953488372093023,1040.0644072403388,288.7142837805132,0.01556264400096552
300,17,10,1075673.0,2049691.0518471643,0.47520237304514135,0.4463184614839327,0.4186046511627907,1242.4178719680958,253.08186194057228,0.028876580001451657
300,17,20,1075673.0,2049691.0518471643,0.47520237304514135,0.426966176937586,0.37209302325581395,1183.1026200599933,121.08186194057228,0.05560469100055343
300,17,50,1075673.0,2049691.0518471643,0.47520237304514135,0.4912769902776424,0.43023255813953487,855.0049961799264,152.08186194057228,0.13412188600159425
300,18,5,1059994.0,2471926.7582732188,0.571187133092703,0.31357753558484897,0.2558139534883721,1251.2233945784483,234.36784529175182,0.014165528999001253
300,18,10,1059994.0,2471926.7582732188,0.571187133092703,0.42300249541485807,0.3372093023255814,1377.463342434797,213.0314710053638,0.027473964999444433
300,18,20,1059994.0,2471926.7582732188,0.571187133092703,0.39840566006500017,0.37209302325581395,1335.6623669172996,271.2020775175137,0.05388490199948137
300,18,50,1059994.0,2471926.7582732188,0.571187133092703,0.4576312588371969,0.37209302325581395,992.3697074082162,206.05443622347792,0.12795260900020367
300,19,5,879803.0,1849706.5946411935,0.5243553747665238,0.4695887382501423,0.4069767441860465,1135.131158066866,220.40550635332713,0.015932679001707584
300,19,10,879803.0,1849706.5946411935,0.5243553747665238,0.4216061662306375,0.32558139534883723,1336.923055546801,192.7656845799836,0.029477824000423425
300,19,20,879803.0,1849706.5946411935,0.5243553747665238,0.4418966386359116,0.36046511627906974,1322.4433956697346,207.40550635332713,0.05657667000014044
300,19,50,879803.0,1849706.5946411935,0.5243553747665238,0.48574851574902767,0.4069767441860465,973.7766429797082,46.74397632169287,0.13286351200076751
