n,seed,weight,priority_cost,nonpriority_cost,total_cost
70,0,1,80715.68707395354,149051.62115836743,229767.308232321
70,0,2,39282.133860429356,195053.88326752617,234336.0171279555
70,0,5,38698.74659984144,196495.86390725686,235194.61050709832
70,0,10,38698.74659984144,196495.86390725686,235194.61050709832
70,1,1,95362.41626608785,227814.5155158555,323176.93178194336
70,1,2,41318.256479667965,285460.51810441975,326778.7745840877
70,1,5,39674.1265470691,290489.9018297723,330164.0283768414
70,1,10,39618.35236992929,291000.21465926885,330618.56702919817
70,2,1,69438.7410139734,112381.38641907585,181820.1274330492
70,2,2,48358.4127258686,133461.71470718062,181820.12743304926
70,2,5,48358.4127258686,133461.71470718062,181820.12743304926
70,2,10,48358.4127258686,133461.71470718062,181820.12743304926
70,3,1,34693.01509865307,118926.55898834646,153619.57408699952
70,3,2,28325.39931359645,125860.01616103215,154185.4154746286
70,3,5,27537.669661219858,127904.6747765218,155442.34443774167
70,3,10,27537.669661219858,127904.6747765218,155442.34443774167
70,4,1,70618.45731625153,256259.3035174954,326877.7608337469
70,4,2,51339.85762248222,276060.1101313166,327399.9677537988
70,4,5,50810.58473451251,277910.24285858497,328720.8275930975
70,4,10,50660.876849591834,278773.7885382722,329434.66538786405
70,5,1,22636.46329968586,83135.2656949025,105771.72899458835
70,5,2,13693.579899241637,92096.49043933996,105790.0703385816
70,5,5,13693.579899241637,92096.49043933996,105790.0703385816
70,5,10,13693.579899241637,92096.49043933996,105790.0703385816
70,6,1,59776.34375927759,242715.91406977607,302492.2578290537
70,6,2,41127.03604194318,261766.43533828304,302893.4713802262
70,6,5,40699.989573840954,263363.5680047691,304063.5575786101
70,6,10,40668.71765105464,263595.0048624262,304263.7225134808
70,7,1,103036.95836810762,277713.6943400944,380750.652708202
70,7,2,81984.30485387157,299951.7055991911,381936.01045306266
70,7,5,80707.2862358118,303938.90810079325,384646.194336605
70,7,10,80606.45757935433,304494.01787261665,385100.475451971
70,8,1,83945.30130161779,191652.1295594445,275597.4308610623
70,8,2,77060.62111488641,198654.29151175084,275714.9126266372
70,8,5,75249.84783856041,204045.0996214018,279294.9474599622
70,8,10,74927.05426400332,206447.11469390846,281374.1689579118
70,9,1,42001.214254657025,94379.00975329781,136380.22400795485
70,9,2,33131.93623201888,103497.4775817698,136629.41381378868
70,9,5,32644.49286077245,104935.69436466412,137580.1872254366
70,9,10,32234.999029158218,107826.47406013645,140061.47308929468
70,10,1,89693.95585441144,282260.70127192757,371954.65712633904
70,10,2,70718.26367648489,304304.50775403087,375022.7714305158
70,10,5,67379.59791296654,313363.46148598706,380743.05939895357
70,10,10,67332.51549740735,313717.8479681895,381050.36346559686
70,11,1,99134.83191286231,347552.9549318403,446687.7868447026
70,11,2,56841.88385606103,391718.34723877045,448560.2310948315
70,11,5,55370.62652010014,396476.95370528573,451847.5802253859
70,11,10,54066.2238268739,405512.78118593135,459579.0050128053
70,12,1,62776.0789240665,117491.74275840307,180267.82168246957
70,12,2,45462.54898203619,134969.18961061555,180431.73859265173
70,12,5,45099.07862052624,136048.06195351016,181147.1405740364
70,12,10,45099.07862052624,136048.06195351016,181147.1405740364
70,13,1,83128.42809024174,233776.98295600325,316905.411046245
70,13,2,68205.28621916246,250389.12351595546,318594.4097351179
70,13,5,67069.71118807228,253832.59288723834,320902.3040753106
70,13,10,66284.96068387541,258526.21982463944,324811.18050851487
70,14,1,37052.080198366704,161344.10842235712,198396.18862072384
70,14,2,32042.247381977075,166370.9236517438,198413.17103372086
70,14,5,31773.19531063926,167078.6244942969,198851.81980493618
70,14,10,31722.74021253563,167432.73314013396,199155.4733526696
70,15,1,62779.14033548607,290541.3673024508,353320.5076379369
70,15,2,46813.1247536875,306733.92527421063,353547.05002789816
70,15,5,46632.98947416806,307318.4601095172,353951.44958368526
70,15,10,46632.98947416806,307318.4601095172,353951.44958368526
70,16,1,107970.48711986862,412713.6595174428,520684.14663731144
70,16,2,87427.3322463386,437130.67015147174,524558.0023978103
70,16,5,84042.37529224646,448555.13513328414,532597.5104255306
70,16,10,82181.14468951046,461183.22294468794,543364.3676341984
70,17,1,92028.40995466156,273642.524652587,365670.9346072486
70,17,2,66333.48449603979,300497.75363690266,366831.23813294247
70,17,5,66333.48449603979,300497.75363690266,366831.23813294247
70,17,10,66333.48449603979,300497.75363690266,366831.23813294247
70,18,1,44571.61706990402,239719.4582927624,284291.07536266645
70,18,2,35053.35422199934,251667.37514661773,286720.72936861706
70,18,5,32643.335426797825,257916.69199880637,290560.02742560423
70,18,10,32601.850005662072,258326.32426904194,290928.174274704
70,19,1,140708.98744732054,376721.04285950016,517430.0303068207
70,19,2,91022.68086797633,427137.9587232313,518160.6395912076
70,19,5,88647.86575654482,433761.58105735615,522409.446813901
70,19,10,88126.08438794254,438431.197152962,526557.2815409044
150,0,1,242811.49599619466,687263.5682813274,930075.064277522
150,0,2,135277.54647193768,806295.8488840283,941573.395355966
150,0,5,134179.60276536446,809568.1948164519,943747.7975818163
150,0,10,133436.57425010836,814490.4214604391,947926.9957105474
150,1,1,238180.0092826499,804501.0260731498,1042681.0353557996
150,1,2,152541.99382756915,897853.9874434136,1050395.9812709827
150,1,5,150289.96470624756,905345.8787307458,1055635.8434369934
150,1,10,149830.16534502202,909056.8904311452,1058887.0557761672
150,2,1,113946.06368216989,377885.31261510565,491831.3762972755
150,2,2,71216.37186773603,422366.66321121395,493583.03507894994
150,2,5,69018.19717291908,430322.1274728035,499340.3246457226
150,2,10,68496.76947356164,433507.3140945431,502004.0835681048
150,3,1,293053.5535282574,913497.4300154985,1206550.983543756
150,3,2,189165.02579627477,1024935.2485002299,1214100.274296505
150,3,5,183256.14524748118,1044030.0953966773,1227286.2406441583
150,3,10,182898.61697090656,1046052.8764229551,1228951.4933938617
150,4,1,278641.9924831114,1102203.8149740542,1380845.8074571656
150,4,2,147470.26900396057,1240822.8493897293,1388293.1183936899
150,4,5,140528.1531595341,1259805.17592161,1400333.3290811442
150,4,10,138317.38982834507,1275610.857626235,1413928.24745458
150,5,1,224329.3895322862,666662.7888768159,890992.1784091021
150,5,2,115709.14439341408,781071.1576272347,896780.3020206488
150,5,5,111834.30855193433,793078.9000493085,904913.2086012429
150,5,10,111257.30590659943,797893.0193761552,909150.3252827548
150,6,1,335316.72620643576,944032.6452934282,1279349.371499864
150,6,2,254226.28177279115,1033225.5927137372,1287451.8744865283
150,6,5,237725.45855914883,1086032.3503191746,1323757.8088783233
150,6,10,237487.97191121615,1087544.3295573299,1325032.301468546
150,7,1,265057.2167899845,859568.6943043135,1124625.9110942981
150,7,2,148968.6651265883,986760.4270973284,1135729.0922239167
150,7,5,147367.4255525853,992629.4953787322,1139996.9209313174
150,7,10,147134.09975680645,994349.4401506996,1141483.5399075062
150,8,1,362132.97906816914,920751.6558797192,1282884.6349478883
150,8,2,245503.4987516438,1047911.0830997614,1293414.581851405
150,8,5,243542.16097102233,1054686.82431818,1298228.9852892025
150,8,10,242714.95020403696,1059804.46588419,1302519.416088227
150,9,1,214452.13891930584,712483.6453773159,926935.7842966217
150,9,2,109245.04459895995,826307.5708244127,935552.6154233728
150,9,5,103996.45182247755,842143.6285106118,946140.0803330893
150,9,10,102839.42472872318,849241.98836921,952081.4130979333
150,10,1,201284.3412969842,668150.4648383176,869434.8061353018
150,10,2,115757.0536459725,757371.5190180362,873128.5726640087
150,10,5,114270.86415108929,762605.3182275746,876876.1823786639
150,10,10,113729.8946901735,766121.5318992587,879851.4265894323
150,11,1,221127.30296317014,636520.0675766503,857647.3705398205
150,11,2,104064.35253949318,759357.7758288607,863422.1283683539
150,11,5,96243.97567128646,782040.1480160271,878284.1236873135
150,11,10,95886.52221531722,785041.5364256776,880928.0586409948
150,12,1,172246.44296684235,763197.8371749669,935444.2801418093
150,12,2,126038.17252585442,813743.0023953347,939781.174921189
150,12,5,123004.3735506531,821675.4927861793,944679.8663368325
150,12,10,122653.9606672923,823818.6945342189,946472.655201511
150,13,1,201872.27650018595,819879.8892092938,1021752.1657094798
150,13,2,100312.61052247263,927060.1041883545,1027372.7147108271
150,13,5,96577.01530087128,937040.0124057145,1033617.0277065858
150,13,10,96295.33793170699,939154.3550245344,1035449.6929562413
150,14,1,270260.23302436736,764845.7597538265,1035105.9927781938
150,14,2,145032.9755304063,895627.6156563666,1040660.5911867728
150,14,5,142792.06212233173,901407.3701516015,1044199.4322739332
150,14,10,142482.92327629845,903125.6572726918,1045608.5805489903
150,15,1,139836.04070553125,651479.8802754094,791315.9209809407
150,15,2,93245.2597064197,699986.5222815232,793231.781987943
150,15,5,90937.30078713674,705444.7147960212,796382.015583158
150,15,10,90784.64538151046,706826.3439773968,797610.9893589073
150,16,1,187919.89704428407,666450.9274957887,854370.8245400728
150,16,2,89642.40003200866,770046.6615719191,859689.0616039276
150,16,5,87679.529777341,774298.3519059331,861977.8816832742
150,16,10,87479.22690921415,775719.210413433,863198.4373226472
150,17,1,265340.84900557785,703921.0130423523,969261.8620479301
150,17,2,181105.7255357415,789221.101090719,970326.8266264605
150,17,5,179670.281928632,793171.87977231,972842.1617009421
150,17,10,179571.6079610372,793782.602690832,973354.2106518692
150,18,1,253886.1961495299,673674.5530331562,927560.7491826861
150,18,2,158912.78706652613,780103.4950208868,939016.2820874129
150,18,5,145444.31546301686,819948.8605933305,965393.1760563473
150,18,10,145045.38008757785,822233.8639970683,967279.2440846461
150,19,1,331618.5327255366,843556.1548293284,1175174.6875548651
150,19,2,191093.65929745793,995641.6053939112,1186735.2646913691
150,19,5,184042.89021742003,1016073.5958244585,1200116.4860418786
150,19,10,183455.73276669392,1020474.5197609967,1203930.2525276905
300,0,1,360246.1227095454,933915.1048159185,1294161.227525464
300,0,2,215648.26339849108,1085003.6362814666,1300651.8996799574
300,0,5,211754.43002738783,1095716.8617712378,1307471.2917986256
300,0,10,210523.08353148724,1103732.6139468262,1314255.6974783135
300,1,1,498241.0086868806,1354916.6966713755,1853157.7053582561
300,1,2,292914.58462606283,1570821.9268572354,1863736.5114832984
300,1,5,286800.7925285654,1589127.3628558156,1875928.1553843808
300,1,10,284022.91349767323,1606338.0878408737,1890361.001338547
300,2,1,462160.0178405648,1517272.9905999512,1979433.008440516
300,2,2,269406.09108538716,1716864.8546965392,1986270.9457819262
300,2,5,263041.0722382757,1732887.8590158788,1995928.9312541543
300,2,10,262598.55569893756,1736276.718158691,1998875.2738576287
300,3,1,474605.85499182483,1528666.3573868133,2003272.212378638
300,3,2,293634.9876280782,1722126.2722966084,2015761.2599246867
300,3,5,273706.6544632318,1779218.212211587,2052924.866674819
300,3,10,271113.9843310866,1795015.6771107768,2066129.6614418635
300,4,1,572512.8041310003,1487077.2249499941,2059590.0290809944
300,4,2,315686.640351905,1763361.8583424792,2079048.4986943842
300,4,5,301864.35309045675,1807814.6895671496,2109679.0426576063
300,4,10,299931.9608654189,1820169.1997561525,2120101.1606215714
300,5,1,537889.8204977483,1611994.9858539808,2149884.806351729
300,5,2,278175.0490373024,1885055.4004190206,2163230.449456323
300,5,5,268510.99510111695,1915786.8946163775,2184297.889717494
300,5,10,266969.02598162985,1925567.4994538818,2192536.5254355115
300,6,1,582251.7359921903,1760493.7225091923,2342745.4585013823
300,6,2,335927.6667307566,2020783.2487152414,2356710.9154459983
300,6,5,323616.355736183,2055566.5367749215,2379182.8925111042
300,6,10,322761.52274494985,2061164.2514917003,2383925.77423665
300,7,1,659672.891344131,1775485.7622588058,2435158.653602937
300,7,2,343008.2143895718,2107574.430112891,2450582.6445024624
300,7,5,328055.63106042286,2152652.857173174,2480708.488233597
300,7,10,326347.64741510584,2163233.6752426047,2489581.322657711
300,8,1,388584.067571745,1248483.4365698546,1637067.5041415999
300,8,2,225893.6901212248,1423034.8764660535,1648928.5665872784
300,8,5,215838.4194244484,1448688.054651427,1664526.4740758752
300,8,10,214996.61695765718,1453379.0424770818,1668375.6594347388
300,9,1,430156.4607674383,1216703.5772024954,1646860.0379699338
300,9,2,299746.65529019624,1352448.3658667775,1652195.0211569737
300,9,5,293360.34741654416,1370865.525326379,1664225.872742923
300,9,10,292677.6871651672,1375092.6498112234,1667770.3369763908
300,10,1,518432.2942729651,2018273.7149033514,2536706.0091763167
300,10,2,329815.0732029405,2217838.5656960146,2547653.6388989547
300,10,5,321773.1993995798,2242380.471736424,2564153.671136004
300,10,10,319380.157301082,2260019.2147505647,2579399.372051647
300,11,1,598118.9282340482,1817306.1346227983,2415425.0628568465
300,11,2,378799.0022666731,2057082.8805980352,2435881.882864708
300,11,5,372987.42739512597,2076160.7691598902,2449148.196555016
300,11,10,370472.6804894423,2093804.9416058944,2464277.6220953367
300,12,1,493236.5390230273,1712797.2703143978,2206033.809337425
300,12,2,334009.04342181154,1883783.3214543853,2217792.364876197
300,12,5,326604.2249761656,1904806.6830699183,2231410.908046084
300,12,10,324264.17674103094,1919500.9743177749,2243765.151058806
300,13,1,506897.21386506874,1926267.1657839848,2433164.3796490533
300,13,2,367011.4803704513,2071973.3744399934,2438984.8548104446
300,13,5,356618.0095240032,2098485.789093835,2455103.798617838
300,13,10,356423.0267997548,2099710.7792634186,2456133.8060631733
300,14,1,706519.7667304499,2174458.0241361456,2880977.7908665957
300,14,2,362124.1530757202,2571243.9597213264,2933368.1127970465
300,14,5,350542.12843210617,2602816.168038123,2953358.296470229
300,14,10,349215.01485911803,2611911.8983183056,2961126.913177423
300,15,1,506183.82905044855,1483070.5677844696,1989254.3968349183
300,15,2,372076.8650981032,1629343.5208390208,2001420.385937124
300,15,5,364589.6747223007,1650604.841402285,2015194.5161245856
300,15,10,363484.3773814603,1659084.8104546727,2022569.187836133
300,16,1,341015.584295856,1319432.571282932,1660448.155578788
300,16,2,186065.9722085417,1478974.4618317857,1665040.4340403276
300,16,5,184464.99332492345,1482898.2119594405,1667363.205284364
300,16,10,184062.0797980248,1485926.7518003006,1669988.8315983252
300,17,1,487400.48056908895,1562290.571278077,2049691.0518471661
300,17,2,347000.4711626025,1712181.074887148,2059181.5460497504
300,17,5,340045.51558220247,1728164.7003610004,2068210.2159432028
300,17,10,338965.14148930623,1736438.2545253073,2075403.3960146133
300,18,1,609416.7997081036,1862509.9585651152,2471926.7582732188
300,18,2,373545.6899757715,2121573.8766260343,2495119.5666018063
300,18,5,360465.33758447226,2158376.9643066996,2518842.301891172
300,18,10,358692.8705405721,2169174.9081682414,2527867.7787088137
300,19,1,435540.305825383,1414166.2888158113,1849706.5946411942
300,19,2,309298.695374243,1545989.5257907263,1855288.2211649693
300,19,5,304374.57794766955,1559543.0900582992,1863917.6680059687
300,19,10,301154.6615175672,1579832.1286697392,1880986.7901873062
