n,seed,beta,status,objective
70,0,1,0,229767.30823232088
70,0,0.98,0,233513.6673947405
70,0,0.95,0,239685.81558452957
70,0,0.9,0,250911.83939521218
70,0,0.75,2,
70,0,0.5,2,
70,0,0.25,2,
70,1,1,0,323176.93178194354
70,1,0.98,0,327359.0281237208
70,1,0.95,0,334558.4800963482
70,1,0.9,0,349464.79267144436
70,1,0.75,2,
70,1,0.5,2,
70,1,0.25,2,
70,2,1,0,181820.12743304926
70,2,0.98,0,185405.37856785895
70,2,0.95,0,191136.81789490106
70,2,0.9,0,201609.59691299454
70,2,0.75,2,
70,2,0.5,2,
70,2,0.25,2,
70,3,1,0,153619.57408699958
70,3,0.98,0,155702.1674743711
70,3,0.95,0,159258.92918566876
70,3,0.9,0,165894.41687524636
70,3,0.75,2,
70,3,0.5,2,
70,3,0.25,2,
70,4,1,0,326877.760833747
70,4,0.98,0,332066.46852057
70,4,0.95,0,340528.0221292018
70,4,0.9,2,
70,4,0.75,2,
70,4,0.5,2,
70,4,0.25,2,
70,5,1,0,105771.7289945884
70,5,0.98,0,108895.11462821555
70,5,0.95,0,113732.53682971915
70,5,0.9,0,125084.41715420214
70,5,0.75,2,
70,5,0.5,2,
70,5,0.25,2,
70,6,1,0,302492.25782905356
70,6,0.98,0,305120.19087285013
70,6,0.95,0,310263.2162384332
70,6,0.9,0,322310.4781583779
70,6,0.75,2,
70,6,0.5,2,
70,6,0.25,2,
70,7,1,0,380750.65270820184
70,7,0.98,0,382809.868736464
70,7,0.95,0,386181.2469853195
70,7,0.9,0,392096.3149738914
70,7,0.75,2,
70,7,0.5,2,
70,7,0.25,2,
70,8,1,0,275597.4308610623
70,8,0.98,0,276998.6260940513
70,8,0.95,0,279541.3051921544
70,8,0.9,0,284455.3674242612
70,8,0.75,2,
70,8,0.5,2,
70,8,0.25,2,
70,9,1,0,136380.22400795488
70,9,0.98,0,138794.04275271765
70,9,0.95,0,142846.70647242674
70,9,0.9,0,149875.8492205378
70,9,0.75,2,
70,9,0.5,2,
70,9,0.25,2,
70,10,1,0,371954.65712633904
70,10,0.98,0,373757.53281570016
70,10,0.95,0,376719.7756027037
70,10,0.9,2,
70,10,0.75,2,
70,10,0.5,2,
70,10,0.25,2,
70,11,1,0,446687.7868447025
70,11,0.98,0,454267.9623822439
70,11,0.95,0,465967.1172087348
70,11,0.9,2,
70,11,0.75,2,
70,11,0.5,2,
70,11,0.25,2,
70,12,1,0,180267.8216824696
70,12,0.98,0,182447.41811444217
70,12,0.95,0,186008.61684780038
70,12,0.9,0,193660.51582752922
70,12,0.75,2,
70,12,0.5,2,
70,12,0.25,2,
70,13,1,0,316905.4110462451
70,13,0.98,0,320644.827466989
70,13,0.95,0,326785.5355961693
70,13,0.9,2,
70,13,0.75,2,
70,13,0.5,2,
70,13,0.25,2,
70,14,1,0,198396.18862072378
70,14,0.98,0,206928.6403843003
70,14,0.95,0,220596.52935292362
70,14,0.9,2,
70,14,0.75,2,
70,14,0.5,2,
70,14,0.25,2,
70,15,1,0,353320.50763793674
70,15,0.98,0,355536.69859472965
70,15,0.95,0,358939.50373978907
70,15,0.9,0,364647.7802800353
70,15,0.75,2,
70,15,0.5,2,
70,15,0.25,2,
70,16,1,0,520684.14663731144
70,16,0.98,0,524150.04973496916
70,16,0.95,0,530085.7218596073
70,16,0.9,2,
70,16,0.75,2,
70,16,0.5,2,
70,16,0.25,2,
70,17,1,0,365670.9346072486
70,17,0.98,0,367856.99591510365
70,17,0.95,0,371143.6007252968
70,17,0.9,0,376908.6965772747
70,17,0.75,2,
70,17,0.5,2,
70,17,0.25,2,
70,18,1,0,284291.0753626664
70,18,0.98,0,289584.73385541316
70,18,0.95,0,297811.9195073261
70,18,0.9,0,312892.84859752154
70,18,0.75,2,
70,18,0.5,2,
70,18,0.25,2,
70,19,1,0,517430.0303068207
70,19,0.98,0,521504.73873239034
70,19,0.95,0,528238.374925869
70,19,0.9,0,541577.8072416988
70,19,0.75,2,
70,19,0.5,2,
70,19,0.25,2,
150,0,1,0,930075.0642775226
150,0,0.98,0,956065.1063095484
150,0,0.95,2,
150,0,0.9,2,
150,0,0.75,2,
150,0,0.5,2,
150,0,0.25,2,
150,1,1,0,1042681.0353557997
150,1,0.98,0,1062967.4302221118
150,1,0.95,0,1094593.9580260662
150,1,0.9,2,
150,1,0.75,2,
150,1,0.5,2,
150,1,0.25,2,
150,2,1,0,491831.37629727554
150,2,0.98,0,507284.6470581085
150,2,0.95,2,
150,2,0.9,2,
150,2,0.75,2,
150,2,0.5,2,
150,2,0.25,2,
150,3,1,0,1206550.983543756
150,3,0.98,0,1232711.9764592205
150,3,0.95,2,
150,3,0.9,2,
150,3,0.75,2,
150,3,0.5,2,
150,3,0.25,2,
150,4,1,0,1380845.8074571649
150,4,0.98,0,1401804.8361756415
150,4,0.95,2,
150,4,0.9,2,
150,4,0.75,2,
150,4,0.5,2,
150,4,0.25,2,
150,5,1,0,890992.1784091023
150,5,0.98,0,906306.1218711488
150,5,0.95,2,
150,5,0.9,2,
150,5,0.75,2,
150,5,0.5,2,
150,5,0.25,2,
150,6,1,0,1279349.3714998637
150,6,0.98,0,1298787.1411570045
150,6,0.95,0,1347928.0685721324
150,6,0.9,2,
150,6,0.75,2,
150,6,0.5,2,
150,6,0.25,2,
150,7,1,0,1124625.9110942984
150,7,0.98,0,1143818.7478439624
150,7,0.95,0,1176902.8631766061
150,7,0.9,2,
150,7,0.75,2,
150,7,0.5,2,
150,7,0.25,2,
150,8,1,0,1282884.6349478879
150,8,0.98,0,1300780.4456457228
150,8,0.95,2,
150,8,0.9,2,
150,8,0.75,2,
150,8,0.5,2,
150,8,0.25,2,
150,9,1,0,926935.7842966218
150,9,0.98,0,952896.1852030036
150,9,0.95,2,
150,9,0.9,2,
150,9,0.75,2,
150,9,0.5,2,
150,9,0.25,2,
150,10,1,0,869434.8061353018
150,10,0.98,0,886977.4113241307
150,10,0.95,0,915992.8386815554
150,10,0.9,2,
150,10,0.75,2,
150,10,0.5,2,
150,10,0.25,2,
150,11,1,0,857647.3705398203
150,11,0.98,0,874327.2951929539
150,11,0.95,0,900517.8058738236
150,11,0.9,2,
150,11,0.75,2,
150,11,0.5,2,
150,11,0.25,2,
150,12,1,0,935444.2801418093
150,12,0.98,0,952213.644374916
150,12,0.95,0,978482.7184337283
150,12,0.9,2,
150,12,0.75,2,
150,12,0.5,2,
150,12,0.25,2,
150,13,1,0,1021752.1657094794
150,13,0.98,0,1040158.9372872097
150,13,0.95,2,
150,13,0.9,2,
150,13,0.75,2,
150,13,0.5,2,
150,13,0.25,2,
150,14,1,0,1035105.9927781938
150,14,0.98,0,1060942.6504131493
150,14,0.95,0,1101975.7949405883
150,14,0.9,2,
150,14,0.75,2,
150,14,0.5,2,
150,14,0.25,2,
150,15,1,0,791315.9209809407
150,15,0.98,0,808923.2298616754
150,15,0.95,2,
150,15,0.9,2,
150,15,0.75,2,
150,15,0.5,2,
150,15,0.25,2,
150,16,1,0,854370.8245400725
150,16,0.98,0,874176.155413124
150,16,0.95,0,906217.987742244
150,16,0.9,2,
150,16,0.75,2,
150,16,0.5,2,
150,16,0.25,2,
150,17,1,0,969261.86204793
150,17,0.98,0,978819.6965604674
150,17,0.95,0,996050.1421091314
150,17,0.9,2,
150,17,0.75,2,
150,17,0.5,2,
150,17,0.25,2,
150,18,1,0,927560.7491826863
150,18,0.98,0,948472.1666369059
150,18,0.95,0,980544.4557495778
150,18,0.9,2,
150,18,0.75,2,
150,18,0.5,2,
150,18,0.25,2,
150,19,1,0,1175174.6875548651
150,19,0.98,0,1194335.8231845733
150,19,0.95,2,
150,19,0.9,2,
150,19,0.75,2,
150,19,0.5,2,
150,19,0.25,2,
300,0,1,0,1294161.2275254633
300,0,0.98,0,1328947.9552478953
300,0,0.95,2,
300,0,0.9,2,
300,0,0.75,2,
300,0,0.5,2,
300,0,0.25,2,
300,1,1,0,1853157.7053582564
300,1,0.98,0,1889962.6746114527
300,1,0.95,2,
300,1,0.9,2,
300,1,0.75,2,
300,1,0.5,2,
300,1,0.25,2,
300,2,1,0,1979433.008440517
300,2,0.98,0,2008383.0531877433
300,2,0.95,2,
300,2,0.9,2,
300,2,0.75,2,
300,2,0.5,2,
300,2,0.25,2,
300,3,1,0,2003272.2123786367
300,3,0.98,0,2055121.2793936145
300,3,0.95,2,
300,3,0.9,2,
300,3,0.75,2,
300,3,0.5,2,
300,3,0.25,2,
300,4,1,0,2059590.0290809933
300,4,0.98,0,2095104.0320160717
300,4,0.95,2,
300,4,0.9,2,
300,4,0.75,2,
300,4,0.5,2,
300,4,0.25,2,
300,5,1,0,2149884.8063517287
300,5,0.98,0,2206992.9722631685
300,5,0.95,2,
300,5,0.9,2,
300,5,0.75,2,
300,5,0.5,2,
300,5,0.25,2,
300,6,1,0,2342745.4585013823
300,6,0.98,2,
300,6,0.95,2,
300,6,0.9,2,
300,6,0.75,2,
300,6,0.5,2,
300,6,0.25,2,
300,7,1,0,2435158.653602937
300,7,0.98,0,2486874.3473963775
300,7,0.95,2,
300,7,0.9,2,
300,7,0.75,2,
300,7,0.5,2,
300,7,0.25,2,
300,8,1,0,1637067.5041415996
300,8,0.98,0,1671717.9247259821
300,8,0.95,2,
300,8,0.9,2,
300,8,0.75,2,
300,8,0.5,2,
300,8,0.25,2,
300,9,1,0,1646860.0379699338
300,9,0.98,0,1679317.6787640734
300,9,0.95,2,
300,9,0.9,2,
300,9,0.75,2,
300,9,0.5,2,
300,9,0.25,2,
300,10,1,0,2536706.009176315
300,10,0.98,0,2584661.907419198
300,10,0.95,2,
300,10,0.9,2,
300,10,0.75,2,
300,10,0.5,2,
300,10,0.25,2,
300,11,1,0,2415425.062856845
300,11,0.98,0,2445115.888579184
300,11,0.95,2,
300,11,0.9,2,
300,11,0.75,2,
300,11,0.5,2,
300,11,0.25,2,
300,12,1,0,2206033.8093374246
300,12,0.98,0,2235915.0105392635
300,12,0.95,2,
300,12,0.9,2,
300,12,0.75,2,
300,12,0.5,2,
300,12,0.25,2,
300,13,1,0,2433164.379649056
300,13,0.98,0,2480221.5399316614
300,13,0.95,2,
300,13,0.9,2,
300,13,0.75,2,
300,13,0.5,2,
300,13,0.25,2,
300,14,1,0,2880977.790866597
300,14,0.98,0,2923775.7969727637
300,14,0.95,2,
300,14,0.9,2,
300,14,0.75,2,
300,14,0.5,2,
300,14,0.25,2,
300,15,1,0,1989254.3968349202
300,15,0.98,0,2017941.1579349877
300,15,0.95,2,
300,15,0.9,2,
300,15,0.75,2,
300,15,0.5,2,
300,15,0.25,2,
300,16,1,0,1660448.1555787884
300,16,0.98,0,1718089.8431884667
300,16,0.95,2,
300,16,0.9,2,
300,16,0.75,2,
300,16,0.5,2,
300,16,0.25,2,
300,17,1,0,2049691.0518471643
300,17,0.98,0,2089975.3849673616
300,17,0.95,2,
300,17,0.9,2,
300,17,0.75,2,
300,17,0.5,2,
300,17,0.25,2,
300,18,1,0,2471926.7582732188
300,18,0.98,0,2511441.259403833
300,18,0.95,2,
300,18,0.9,2,
300,18,0.75,2,
300,18,0.5,2,
300,18,0.25,2,
300,19,1,0,1849706.5946411935
300,19,0.98,0,1891414.251573483
300,19,0.95,2,
300,19,0.9,2,
300,19,0.75,2,
300,19,0.5,2,
300,19,0.25,2,
