node,x,y,Ec_i,is_source,is_destination
1,65.22992627009107,4.377532363899661,7,0,0
2,2.0029586874216854,83.921258251103,75,0,0
3,58.714304758805845,22.470523020362442,8,0,0
4,75.17922718186155,26.36921974783747,24,0,0
5,41.997790971626806,45.10313870011089,8,1,0
6,95.53145792212376,89.19016691830427,22,0,0
7,27.863302551894353,27.853429777937567,38,0,0
8,42.19995748472628,0.40777249859886844,36,0,0
9,30.89237677451262,95.17540164636145,10,1,0
10,83.82047782684793,53.512825709760406,1,0,1
11,48.54885459574876,94.51266801507884,80,0,0
12,59.31741874641639,94.28679185687103,14,0,0
13,99.78817442741205,3.3764654315696196,75,0,0
14,11.856060209234688,76.11988379768471,84,0,0
15,12.613746899330602,34.184285511856494,84,0,0
16,30.001928979647197,55.1045090589723,87,1,0
17,5.061976229843679,45.09703793275376,8,0,0
18,55.54165621613222,11.917052432185871,13,1,0
19,34.14250860224383,50.45517491531475,80,0,0
20,30.39651105723884,41.783633515312815,59,0,0
21,41.456100164611286,9.331384215685468,83,0,0
22,58.799640058931814,7.405586157239141,93,0,0
23,58.05194318922804,8.287151595719722,43,0,0
24,53.912381765531215,85.07689829291569,43,0,0
25,28.879626031162474,8.274485668843223,68,1,0
26,32.04800922364666,42.44991934873933,86,1,0
27,61.2165606729797,15.153183039967944,90,0,0
28,0.39613637236188826,84.30823134268059,57,0,0
29,45.508931795499585,57.36306088212123,22,1,0
30,80.13281630564518,76.32470379251717,17,0,0
31,86.19340651499014,32.19510366706818,11,0,0
32,19.379455343934595,1.2703582214631526,41,0,0
33,39.60570512056135,60.65051385540762,7,1,0
34,56.65176312346063,87.88162192331397,76,0,0
35,82.77783230641911,49.65352894957951,35,0,0
36,12.269102832557877,50.0576601815097,48,1,0
37,91.94860890996821,88.08558110790476,1,0,1
38,67.40755933063971,65.89057397700321,24,0,0
39,82.90321187789993,68.70384106747758,87,0,0
40,62.41928509932543,40.17615900760681,78,0,0
41,39.95067625640725,48.634353792217446,10,0,0
42,88.17298989466322,64.15268388187773,71,1,0
43,82.54649403853934,50.26808980590268,85,0,0
44,53.64654329128539,69.87929554986864,15,1,0
45,69.45762780931456,21.947345708116618,39,0,0
46,92.69347359169883,22.467368301906955,64,0,0
47,65.81742890081223,36.235506032552045,94,0,0
48,28.150131942344803,99.32259937973316,47,1,0
49,67.9530853235901,28.33592997759844,92,0,0
50,72.71890224959492,75.26510438202439,56,0,0
51,36.286850668245826,93.31646641626133,6,1,0
52,96.94851310441403,26.542249642364645,61,1,0
53,73.06887180473518,20.190040542923736,54,0,0
54,21.841921651114593,77.26449358666349,78,0,0
55,94.52157625467862,49.597075439974795,11,0,0
56,31.403129579661503,28.230689832129375,46,0,0
57,45.379242503598384,64.02806633223153,17,0,0
58,91.89895699150928,74.75190889753858,83,0,0
59,87.9560586894266,75.88352918965627,12,0,0
60,43.03923741765796,95.3453021379346,86,0,0
61,60.702548282038315,45.32030299080302,94,0,0
62,67.85976593480103,75.34502593737913,20,0,0
63,57.13454260675248,48.33496213931991,74,0,0
64,91.38837871577363,50.79088051028411,40,0,0
65,53.80506303831891,93.66418793598638,14,0,0
66,96.11488728728908,65.18086078725148,89,0,0
67,42.821135506763696,14.471262495508007,69,1,0
68,9.949524478949556,30.438474935042937,55,0,0
69,0.9962742279029602,84.81377700897647,57,0,0
70,22.370561430488888,15.942488959614687,76,0,0
71,49.20140374685192,63.92336476175782,5,0,0
72,4.03407689069637,12.739325754774777,19,0,0
73,95.98115485820765,61.0046323149103,1,0,0
74,93.29524524176553,21.08822792459073,1,0,1
75,80.03290384782277,14.63232119471799,16,0,0
76,62.088736353331555,80.42967920853681,17,0,0
77,16.802044330431798,9.119957189816574,95,1,0
78,64.64790398701439,47.90430049402198,3,0,0
79,53.80425919682863,69.39583464977804,99,0,0
80,84.71118623340945,63.70122527686182,44,1,0
81,83.10113739841695,97.37461529080619,16,0,0
82,98.89508467594096,39.26930117910601,92,0,0
83,24.177873361174274,86.27649168992943,69,0,0
84,33.03682673526964,80.62421221481516,64,0,0
85,20.165600620861746,17.489232918413265,34,0,0
86,43.38611706832635,39.17885233921501,97,0,0
87,8.157375203885165,95.85659265929863,90,0,0
88,32.41756149019442,11.572699093142125,59,0,0
89,24.693420231655715,7.311396706189921,44,0,0
90,56.10433669798781,79.39325249043846,50,0,0
91,67.00677860107692,39.9285270173637,12,0,0
92,78.47531370229757,41.99905251142878,92,0,0
93,0.6924847514322097,40.75238952406327,5,0,0
94,11.5833608640296,14.752369658253539,12,0,0
95,14.181222799663562,29.92482461360966,92,0,0
96,33.01543624873452,58.06326793811548,27,0,0
97,93.40653397107221,58.77064132057242,87,0,0
98,84.35098072007378,97.85666018369754,52,1,0
99,52.68407098826384,10.238840309870778,25,1,0
100,4.890339582455006,84.3004392644529,88,1,0
101,63.30999717427955,49.38162710396388,74,0,0
102,72.98094636515152,0.31501527653385875,52,1,0
103,85.42006027165738,72.08229884038239,34,0,0
104,53.983811831119176,68.156099260013,77,1,0
105,59.3536495836544,44.58422741754823,76,0,0
106,49.880478509468965,0.6431502092184904,53,0,0
107,65.52539535702176,98.31045679093293,42,0,0
108,43.51869431016431,12.68326116842361,51,0,0
109,63.69515708823508,44.288879787820804,45,0,0
110,16.51684549307336,46.99916457427493,7,0,0
111,14.560828141432259,81.93769398777734,24,0,0
112,48.345892527877176,75.27472109901157,69,0,0
113,11.915215242051502,8.410530653987314,23,0,0
114,84.94758748498103,43.500025764853554,25,1,0
115,77.54906172159565,9.885679532891857,91,1,0
116,23.67857476476598,91.04750897570273,95,0,0
117,11.627354551202751,53.76405586500772,7,0,0
118,27.767221961706777,30.094021822748584,86,0,0
119,4.977033039246381,68.01974891903996,30,0,0
120,4.819146124373264,33.58326219045369,39,1,0
121,53.48903733484263,97.25491682917016,29,0,0
122,85.22842584527022,48.672028247254104,45,1,0
123,81.39231775031006,34.80746003089603,25,0,0
124,3.3352654164060636,20.696305873962974,28,0,0
125,5.658572866104839,32.1941632795159,50,0,0
126,53.219175120398674,34.44438381281978,50,0,0
127,52.72372843070895,50.72961224695691,29,0,0
128,26.12092200188809,85.23760184646963,8,0,0
129,40.9088939566979,20.36940795903287,59,0,0
130,55.688981098479715,58.84067053637948,65,1,0
131,60.049750200072694,72.09590770289056,8,1,0
132,41.83802473921857,17.875997323421387,13,0,0
133,93.22679630575391,64.81929751657918,4,0,0
134,13.127317902257962,20.368319163599057,4,0,0
135,40.638222758068075,60.45611896366334,70,1,0
136,98.7587603342948,23.945353248570754,79,0,0
137,70.9418830854492,92.97327114528407,66,0,0
138,38.510703305645876,70.66509295591568,65,0,0
139,15.876359415072926,41.90615804192057,65,0,0
140,29.549734483622526,37.7113959356003,15,0,0
141,28.68530674354468,77.9957811529015,75,0,0
142,56.368970626635274,79.7269855540138,45,0,0
143,36.883519126351025,33.109325452080185,34,0,0
144,32.49025036675538,24.420013618882464,29,0,0
145,70.55246061909509,88.53927559533575,17,0,0
146,18.037445098909586,3.6845680460818375,58,0,0
147,5.76591073796463,4.278749876440136,98,0,0
148,48.92140987024198,76.78753732561927,51,1,0
149,34.15998233103043,40.3881636762781,20,0,0
150,89.26448755155934,91.71289970815128,32,0,0
